cell,instrument,tenor_family,auction_date,cusip,security_term,original_security_term,remaining_term_days,reopening,announcemt_date,issue_date,offering_amt,t0_is_trading_day,valid_window,exclusion_reason,pre_open,pre_close,post_open,post_close,t0_index,iso_year,iso_week,calendar_month,qra_in_window,qra_signed,ann_in_window,ann_signed,ovl_2Year,ovl_3Year,ovl_5Year,ovl_7Year,ovl_10Year,ovl_20Year,ovl_30Year,ovl_TIPS,ovl_FRN
PRIMARY,TLT,30-Year,1990-02-08,912810EE4,30-Year,30-Year,10964,No,1990-01-31,1990-02-15,10000000000,NO,NO,T0_NOT_ON_GRID,,,,,,1990,6,1990-02,,,,,,,,,,,,,
PRIMARY,TLT,30-Year,1990-05-10,912810EF1,30-Year,30-Year,10963,No,1990-05-02,1990-05-15,10000000000,NO,NO,T0_NOT_ON_GRID,,,,,,1990,19,1990-05,,,,,,,,,,,,,
PRIMARY,TLT,30-Year,1990-08-09,912810EG9,30-Year,30-Year,10964,No,1990-08-01,1990-08-15,10250000000,NO,NO,T0_NOT_ON_GRID,,,,,,1990,32,1990-08,,,,,,,,,,,,,
PRIMARY,TLT,30-Year,1990-11-08,912810EG9,29-Year 9-Month,30-Year,10873,Yes,1990-10-31,1990-11-15,10750000000,NO,NO,T0_NOT_ON_GRID,,,,,,1990,45,1990-11,,,,,,,,,,,,,
PRIMARY,TLT,30-Year,1991-02-07,912810EH7,30-Year,30-Year,10966,No,1991-01-30,1991-02-15,11000000000,NO,NO,T0_NOT_ON_GRID,,,,,,1991,6,1991-02,,,,,,,,,,,,,
PRIMARY,TLT,30-Year,1991-05-09,912810EJ3,30-Year,30-Year,10964,No,1991-05-01,1991-05-15,11750000000,NO,NO,T0_NOT_ON_GRID,,,,,,1991,19,1991-05,,,,,,,,,,,,,
PRIMARY,TLT,30-Year,1991-08-08,912810EK0,30-Year,30-Year,10965,No,1991-07-31,1991-08-15,12000000000,NO,NO,T0_NOT_ON_GRID,,,,,,1991,32,1991-08,,,,,,,,,,,,,
PRIMARY,TLT,30-Year,1991-11-07,912810EL8,30-Year,30-Year,10966,No,1991-10-30,1991-11-15,12000000000,NO,NO,T0_NOT_ON_GRID,,,,,,1991,45,1991-11,,,,,,,,,,,,,
PRIMARY,TLT,30-Year,1992-02-13,912810EL8,29-Year 9-Month,30-Year,10868,Yes,1992-02-05,1992-02-18,10000000000,NO,NO,T0_NOT_ON_GRID,,,,,,1992,7,1992-02,,,,,,,,,,,,,
PRIMARY,TLT,30-Year,1992-05-07,912810EL8,29-Year 6-Month,30-Year,10784,Yes,1992-04-29,1992-05-15,10000000000,NO,NO,T0_NOT_ON_GRID,,,,,,1992,19,1992-05,,,,,,,,,,,,,
PRIMARY,TLT,30-Year,1992-08-13,912810EM6,30-Year,30-Year,10959,No,1992-08-05,1992-08-17,10000000000,NO,NO,T0_NOT_ON_GRID,,,,,,1992,33,1992-08,,,,,,,,,,,,,
PRIMARY,TLT,30-Year,1992-11-12,912810EN4,30-Year,30-Year,10960,No,1992-11-03,1992-11-16,10250000000,NO,NO,T0_NOT_ON_GRID,,,,,,1992,46,1992-11,,,,,,,,,,,,,
PRIMARY,TLT,30-Year,1993-02-11,912810EP9,30-Year,30-Year,10961,No,1993-02-03,1993-02-16,9250000000,NO,NO,T0_NOT_ON_GRID,,,,,,1993,6,1993-02,,,,,,,,,,,,,
PRIMARY,TLT,30-Year,1993-05-13,912810EP9,29-Year 9-Month,30-Year,10870,Yes,1993-05-05,1993-05-17,8250000000,NO,NO,T0_NOT_ON_GRID,,,,,,1993,19,1993-05,,,,,,,,,,,,,
PRIMARY,TLT,30-Year,1993-08-12,912810EQ7,30-Year,30-Year,10960,No,1993-08-04,1993-08-16,11000000000,NO,NO,T0_NOT_ON_GRID,,,,,,1993,32,1993-08,,,,,,,,,,,,,
PRIMARY,TLT,30-Year,1994-02-10,912810EQ7,29-Year 6-Month,30-Year,10778,Yes,1994-02-02,1994-02-15,11000000000,NO,NO,T0_NOT_ON_GRID,,,,,,1994,6,1994-02,,,,,,,,,,,,,
PRIMARY,TLT,30-Year,1995-02-09,912810ET1,30-Year,30-Year,10964,No,1995-02-01,1995-02-15,11000000000,NO,NO,T0_NOT_ON_GRID,,,,,,1995,6,1995-02,,,,,,,,,,,,,
PRIMARY,TLT,30-Year,1995-08-10,912810EV6,30-Year,30-Year,10963,No,1995-08-02,1995-08-15,11500000000,NO,NO,T0_NOT_ON_GRID,,,,,,1995,32,1995-08,,,,,,,,,,,,,
PRIMARY,TLT,30-Year,1996-02-08,912810EW4,30-Year,30-Year,10965,No,1996-01-31,1996-02-15,12000000000,NO,NO,T0_NOT_ON_GRID,,,,,,1996,6,1996-02,,,,,,,,,,,,,
PRIMARY,TLT,30-Year,1996-08-08,912810EX2,30-Year,30-Year,10964,No,1996-07-31,1996-08-15,10000000000,NO,NO,T0_NOT_ON_GRID,,,,,,1996,32,1996-08,,,,,,,,,,,,,
PRIMARY,TLT,30-Year,1996-11-07,912810EY0,30-Year,30-Year,10965,No,1996-10-30,1996-11-15,10000000000,NO,NO,T0_NOT_ON_GRID,,,,,,1996,45,1996-11,,,,,,,,,,,,,
PRIMARY,TLT,30-Year,1997-02-13,912810EZ7,30-Year,30-Year,10959,No,1997-02-05,1997-02-18,10000000000,NO,NO,T0_NOT_ON_GRID,,,,,,1997,7,1997-02,,,,,,,,,,,,,
PRIMARY,TLT,30-Year,1997-08-07,912810FA1,30-Year,30-Year,10965,No,1997-07-30,1997-08-15,10000000000,NO,NO,T0_NOT_ON_GRID,,,,,,1997,32,1997-08,,,,,,,,,,,,,
PRIMARY,TLT,30-Year,1997-11-06,912810FB9,30-Year,30-Year,10966,No,1997-10-29,1997-11-17,10000000000,NO,NO,T0_NOT_ON_GRID,,,,,,1997,45,1997-11,,,,,,,,,,,,,
PRIMARY,TLT,30-Year,1998-02-12,912810FB9,29-Year 9-Month,30-Year,10868,Yes,1998-02-04,1998-02-17,10000000000,NO,NO,T0_NOT_ON_GRID,,,,,,1998,7,1998-02,,,,,,,,,,,,,
PRIMARY,TLT,30-Year,1998-08-13,912810FE3,30-Year,30-Year,10960,No,1998-08-05,1998-08-17,10000000000,NO,NO,T0_NOT_ON_GRID,,,,,,1998,33,1998-08,,,,,,,,,,,,,
PRIMARY,TLT,30-Year,1998-11-05,912810FF0,30-Year,30-Year,10968,No,1998-10-28,1998-11-16,10000000000,NO,NO,T0_NOT_ON_GRID,,,,,,1998,45,1998-11,,,,,,,,,,,,,
PRIMARY,TLT,30-Year,1999-02-11,912810FG8,30-Year,30-Year,10962,No,1999-02-03,1999-02-16,10000000000,NO,NO,T0_NOT_ON_GRID,,,,,,1999,6,1999-02,,,,,,,,,,,,,
PRIMARY,TLT,30-Year,1999-08-12,912810FJ2,30-Year,30-Year,10961,No,1999-08-04,1999-08-16,10000000000,NO,NO,T0_NOT_ON_GRID,,,,,,1999,32,1999-08,,,,,,,,,,,,,
PRIMARY,TLT,30-Year,2001-02-08,912810FP8,30-Year,30-Year,10964,No,2001-01-31,2001-02-15,10000000000,NO,NO,T0_NOT_ON_GRID,,,,,,2001,6,2001-02,,,,,,,,,,,,,
PRIMARY,TLT,30-Year,2001-08-09,912810FP8,29-Year 6-Month,30-Year,10782,Yes,2001-08-01,2001-08-15,5000000000,NO,NO,T0_NOT_ON_GRID,,,,,,2001,32,2001-08,,,,,,,,,,,,,
PRIMARY,TLT,30-Year,2006-02-09,912810FT0,30-Year,30-Year,10963,No,2006-02-01,2006-02-15,14000000000,YES,YES,,2006-02-01,2006-02-08,2006-02-09,2006-02-16,890,2006,6,2006-02,NO,0,NO,0,0,1,0,0,1,0,0,0,0
PRIMARY,TLT,30-Year,2006-08-10,912810FT0,29-Year 6-Month,30-Year,10781,Yes,2006-08-02,2006-08-15,10000000000,YES,YES,,2006-08-02,2006-08-09,2006-08-10,2006-08-17,1016,2006,32,2006-08,NO,0,NO,0,0,1,0,0,1,0,0,0,0
PRIMARY,TLT,30-Year,2007-02-08,912810PT9,30-Year,30-Year,10965,No,2007-01-31,2007-02-15,9000000000,YES,YES,,2007-01-31,2007-02-07,2007-02-08,2007-02-15,1140,2007,6,2007-02,NO,0,NO,0,0,1,0,0,1,0,0,0,0
PRIMARY,TLT,30-Year,2007-05-10,912810PT9,29-Year 9-Month,30-Year,10874,Yes,2007-05-02,2007-05-15,5000000000,YES,YES,,2007-05-02,2007-05-09,2007-05-10,2007-05-17,1203,2007,19,2007-05,NO,0,NO,0,0,1,0,0,1,0,0,0,0
PRIMARY,TLT,30-Year,2008-02-07,912810PW2,30-Year,30-Year,10966,No,2008-01-30,2008-02-15,9000000000,YES,YES,,2008-01-30,2008-02-06,2008-02-07,2008-02-14,1391,2008,6,2008-02,NO,0,NO,0,0,0,0,0,1,0,0,0,0
PRIMARY,TLT,30-Year,2008-05-08,912810PW2,29-Year 9-Month,30-Year,10875,Yes,2008-04-30,2008-05-15,6000000000,YES,YES,,2008-04-30,2008-05-07,2008-05-08,2008-05-15,1454,2008,19,2008-05,NO,0,NO,0,0,0,0,0,1,0,0,0,0
PRIMARY,TLT,30-Year,2009-02-12,912810QA9,30-Year,30-Year,10960,No,2009-02-04,2009-02-17,14000000000,YES,YES,,2009-02-04,2009-02-11,2009-02-12,2009-02-20,1647,2009,7,2009-02,NO,0,NO,0,0,1,0,0,1,0,0,0,0
PRIMARY,TLT,30-Year,2009-03-12,912810QA9,29-Year 11-Month,30-Year,10932,Yes,2009-03-05,2009-03-16,11000000000,YES,YES,,2009-03-04,2009-03-11,2009-03-12,2009-03-19,1666,2009,11,2009-03,NO,0,YES,-1,0,1,0,0,1,0,0,0,0
PRIMARY,TLT,30-Year,2009-05-07,912810QB7,30-Year,30-Year,10965,No,2009-04-29,2009-05-15,14000000000,YES,YES,,2009-04-29,2009-05-06,2009-05-07,2009-05-14,1705,2009,19,2009-05,NO,0,NO,0,0,1,0,0,1,0,0,0,0
PRIMARY,TLT,30-Year,2009-06-11,912810QB7,29-Year 11-Month,30-Year,10930,Yes,2009-06-04,2009-06-15,11000000000,YES,YES,,2009-06-03,2009-06-10,2009-06-11,2009-06-18,1729,2009,24,2009-06,NO,0,YES,-1,0,1,0,0,1,0,0,0,0
PRIMARY,TLT,30-Year,2009-07-09,912810QB7,29-Year 10-Month,30-Year,10902,Yes,2009-07-02,2009-07-15,11000000000,YES,YES,,2009-06-30,2009-07-08,2009-07-09,2009-07-16,1748,2009,28,2009-07,NO,0,YES,-1,0,1,0,0,1,0,0,1,0
PRIMARY,TLT,30-Year,2009-08-13,912810QC5,30-Year,30-Year,10959,No,2009-08-05,2009-08-17,15000000000,YES,YES,,2009-08-05,2009-08-12,2009-08-13,2009-08-20,1773,2009,33,2009-08,NO,0,NO,0,0,1,0,0,1,0,0,0,0
PRIMARY,TLT,30-Year,2009-09-10,912810QC5,29-Year 11-Month,30-Year,10931,Yes,2009-09-03,2009-09-15,12000000000,YES,YES,,2009-09-01,2009-09-09,2009-09-10,2009-09-17,1792,2009,37,2009-09,NO,0,YES,-1,0,1,0,0,1,0,0,0,0
PRIMARY,TLT,30-Year,2009-10-08,912810QC5,29-Year 10-Month,30-Year,10903,Yes,2009-10-01,2009-10-15,12000000000,YES,YES,,2009-09-30,2009-10-07,2009-10-08,2009-10-15,1812,2009,41,2009-10,NO,0,YES,-1,0,1,0,0,1,0,0,1,0
PRIMARY,TLT,30-Year,2009-11-12,912810QD3,30-Year,30-Year,10960,No,2009-11-04,2009-11-16,16000000000,YES,YES,,2009-11-04,2009-11-11,2009-11-12,2009-11-19,1837,2009,46,2009-11,NO,0,NO,0,0,1,0,0,1,0,0,0,0
PRIMARY,TLT,30-Year,2009-12-10,912810QD3,29-Year 11-Month,30-Year,10932,Yes,2009-12-03,2009-12-15,13000000000,YES,YES,,2009-12-02,2009-12-09,2009-12-10,2009-12-17,1856,2009,50,2009-12,NO,0,YES,-1,0,1,0,0,1,0,0,0,0
PRIMARY,TLT,30-Year,2010-01-14,912810QD3,29-Year 10-Month,30-Year,10897,Yes,2010-01-07,2010-01-15,13000000000,YES,YES,,2010-01-06,2010-01-13,2010-01-14,2010-01-22,1879,2010,2,2010-01,NO,0,YES,-1,0,1,0,0,1,0,0,1,0
PRIMARY,TLT,30-Year,2010-02-11,912810QE1,30-Year,30-Year,10961,No,2010-02-03,2010-02-16,16000000000,YES,YES,,2010-02-03,2010-02-10,2010-02-11,2010-02-19,1898,2010,6,2010-02,NO,0,NO,0,0,1,0,0,1,0,0,0,0
PRIMARY,TLT,30-Year,2010-03-11,912810QE1,29-Year 11-Month,30-Year,10933,Yes,2010-03-04,2010-03-15,13000000000,YES,YES,,2010-03-03,2010-03-10,2010-03-11,2010-03-18,1917,2010,10,2010-03,NO,0,YES,-1,0,1,0,0,1,0,0,0,0
PRIMARY,TLT,30-Year,2010-04-08,912810QE1,29-Year 10-Month,30-Year,10905,Yes,2010-04-01,2010-04-15,13000000000,YES,YES,,2010-03-30,2010-04-07,2010-04-08,2010-04-15,1936,2010,14,2010-04,NO,0,YES,-1,0,1,0,0,1,0,0,1,0
PRIMARY,TLT,30-Year,2010-05-13,912810QH4,30-Year,30-Year,10960,No,2010-05-05,2010-05-17,16000000000,YES,YES,,2010-05-05,2010-05-12,2010-05-13,2010-05-20,1961,2010,19,2010-05,NO,0,NO,0,0,1,0,0,1,0,0,0,0
PRIMARY,TLT,30-Year,2010-06-10,912810QH4,29-Year 11-Month,30-Year,10932,Yes,2010-06-03,2010-06-15,13000000000,YES,YES,,2010-06-02,2010-06-09,2010-06-10,2010-06-17,1980,2010,23,2010-06,NO,0,YES,-1,0,1,0,0,1,0,0,0,0
PRIMARY,TLT,30-Year,2010-07-14,912810QH4,29-Year 10-Month,30-Year,10898,Yes,2010-07-08,2010-07-15,13000000000,YES,YES,,2010-07-06,2010-07-13,2010-07-14,2010-07-21,2003,2010,28,2010-07,NO,0,YES,-1,0,1,0,0,1,0,0,1,0
PRIMARY,TLT,30-Year,2010-08-12,912810QK7,30-Year,30-Year,10961,No,2010-08-04,2010-08-16,16000000000,YES,YES,,2010-08-04,2010-08-11,2010-08-12,2010-08-19,2024,2010,32,2010-08,NO,0,NO,0,0,1,0,0,1,0,0,0,0
PRIMARY,TLT,30-Year,2010-09-09,912810QK7,29-Year 11-Month,30-Year,10933,Yes,2010-09-02,2010-09-15,13000000000,YES,YES,,2010-08-31,2010-09-08,2010-09-09,2010-09-16,2043,2010,36,2010-09,NO,0,YES,-1,0,1,0,0,1,0,0,1,0
PRIMARY,TLT,30-Year,2010-10-14,912810QK7,29-Year 10-Month,30-Year,10898,Yes,2010-10-07,2010-10-15,13000000000,YES,YES,,2010-10-06,2010-10-13,2010-10-14,2010-10-21,2068,2010,41,2010-10,NO,0,YES,-1,0,1,0,0,1,0,0,0,0
PRIMARY,TLT,30-Year,2010-11-10,912810QL5,30-Year,30-Year,10963,No,2010-11-03,2010-11-15,16000000000,YES,YES,,2010-11-02,2010-11-09,2010-11-10,2010-11-17,2087,2010,45,2010-11,YES,-1,YES,-1,0,1,0,0,1,0,0,1,0
PRIMARY,TLT,30-Year,2010-12-09,912810QL5,29-Year 11-Month,30-Year,10934,Yes,2010-12-02,2010-12-15,13000000000,YES,YES,,2010-12-01,2010-12-08,2010-12-09,2010-12-16,2107,2010,49,2010-12,NO,0,YES,-1,0,1,0,0,1,0,0,0,0
PRIMARY,TLT,30-Year,2011-01-13,912810QL5,29-Year 10-Month,30-Year,10899,Yes,2011-01-06,2011-01-18,13000000000,YES,YES,,2011-01-05,2011-01-12,2011-01-13,2011-01-21,2131,2011,2,2011-01,NO,0,YES,-1,0,1,0,0,1,0,0,1,0
PRIMARY,TLT,30-Year,2011-02-10,912810QN1,30-Year,30-Year,10963,No,2011-02-02,2011-02-15,16000000000,YES,YES,,2011-02-02,2011-02-09,2011-02-10,2011-02-17,2150,2011,6,2011-02,NO,0,NO,0,0,1,0,0,1,0,0,1,0
PRIMARY,TLT,30-Year,2011-03-10,912810QN1,29-Year 11-Month,30-Year,10935,Yes,2011-03-03,2011-03-15,13000000000,YES,YES,,2011-03-02,2011-03-09,2011-03-10,2011-03-17,2169,2011,10,2011-03,NO,0,YES,-1,0,1,0,0,1,0,0,0,0
PRIMARY,TLT,30-Year,2011-04-14,912810QN1,29-Year 10-Month,30-Year,10900,Yes,2011-04-07,2011-04-15,13000000000,YES,YES,,2011-04-06,2011-04-13,2011-04-14,2011-04-21,2194,2011,15,2011-04,NO,0,YES,-1,0,1,0,0,1,0,0,1,0
PRIMARY,TLT,30-Year,2011-05-12,912810QQ4,30-Year,30-Year,10961,No,2011-05-04,2011-05-16,16000000000,YES,YES,,2011-05-04,2011-05-11,2011-05-12,2011-05-19,2213,2011,19,2011-05,NO,0,NO,0,0,1,0,0,1,0,0,1,0
PRIMARY,TLT,30-Year,2011-06-09,912810QQ4,29-Year 11-Month,30-Year,10933,Yes,2011-06-02,2011-06-15,13000000000,YES,YES,,2011-06-01,2011-06-08,2011-06-09,2011-06-16,2232,2011,23,2011-06,NO,0,YES,-1,0,1,0,0,1,0,0,0,0
PRIMARY,TLT,30-Year,2011-07-14,912810QQ4,29-Year 10-Month,30-Year,10898,Yes,2011-07-07,2011-07-15,13000000000,YES,YES,,2011-07-06,2011-07-13,2011-07-14,2011-07-21,2256,2011,28,2011-07,NO,0,YES,-1,0,1,0,0,1,0,0,1,0
PRIMARY,TLT,30-Year,2011-08-11,912810QS0,30-Year,30-Year,10962,No,2011-08-03,2011-08-15,16000000000,YES,YES,,2011-08-03,2011-08-10,2011-08-11,2011-08-18,2276,2011,32,2011-08,NO,0,NO,0,0,1,0,0,1,0,0,1,0
PRIMARY,TLT,30-Year,2011-09-14,912810QS0,29-Year 11-Month,30-Year,10928,Yes,2011-09-08,2011-09-15,13000000000,YES,YES,,2011-09-06,2011-09-13,2011-09-14,2011-09-21,2299,2011,37,2011-09,NO,0,YES,-1,0,1,0,0,1,0,0,0,0
PRIMARY,TLT,30-Year,2011-10-13,912810QS0,29-Year 10-Month,30-Year,10899,Yes,2011-10-06,2011-10-17,13000000000,YES,YES,,2011-10-05,2011-10-12,2011-10-13,2011-10-20,2320,2011,41,2011-10,NO,0,YES,-1,0,1,0,0,1,0,0,1,0
PRIMARY,TLT,30-Year,2011-11-10,912810QT8,30-Year,30-Year,10963,No,2011-11-02,2011-11-15,16000000000,YES,YES,,2011-11-02,2011-11-09,2011-11-10,2011-11-17,2340,2011,45,2011-11,NO,0,NO,0,0,1,0,0,1,0,0,1,0
PRIMARY,TLT,30-Year,2011-12-14,912810QT8,29-Year 11-Month,30-Year,10929,Yes,2011-12-08,2011-12-15,13000000000,YES,YES,,2011-12-06,2011-12-13,2011-12-14,2011-12-21,2363,2011,50,2011-12,NO,0,YES,-1,1,1,1,1,1,0,0,1,0
PRIMARY,TLT,30-Year,2012-01-12,912810QT8,29-Year 10-Month,30-Year,10900,Yes,2012-01-05,2012-01-17,13000000000,YES,YES,,2012-01-04,2012-01-11,2012-01-12,2012-01-20,2382,2012,2,2012-01,NO,0,YES,-1,0,1,0,0,1,0,0,1,0
PRIMARY,TLT,30-Year,2012-02-09,912810QU5,30-Year,30-Year,10964,No,2012-02-01,2012-02-15,16000000000,YES,YES,,2012-02-01,2012-02-08,2012-02-09,2012-02-16,2401,2012,6,2012-02,NO,0,NO,0,0,1,0,0,1,0,0,1,0
PRIMARY,TLT,30-Year,2012-03-14,912810QU5,29-Year 11-Month,30-Year,10930,Yes,2012-03-08,2012-03-15,13000000000,YES,YES,,2012-03-06,2012-03-13,2012-03-14,2012-03-21,2424,2012,11,2012-03,NO,0,YES,-1,0,1,0,0,1,0,0,0,0
PRIMARY,TLT,30-Year,2012-04-12,912810QU5,29-Year 10-Month,30-Year,10901,Yes,2012-04-05,2012-04-16,13000000000,YES,YES,,2012-04-03,2012-04-11,2012-04-12,2012-04-19,2444,2012,15,2012-04,NO,0,YES,-1,0,1,0,0,1,0,0,1,0
PRIMARY,TLT,30-Year,2012-05-10,912810QW1,30-Year,30-Year,10962,No,2012-05-02,2012-05-15,16000000000,YES,YES,,2012-05-02,2012-05-09,2012-05-10,2012-05-17,2464,2012,19,2012-05,NO,0,NO,0,0,1,0,0,1,0,0,1,0
PRIMARY,TLT,30-Year,2012-06-14,912810QW1,29-Year 11-Month,30-Year,10927,Yes,2012-06-07,2012-06-15,13000000000,YES,YES,,2012-06-06,2012-06-13,2012-06-14,2012-06-21,2488,2012,24,2012-06,NO,0,YES,-1,0,1,0,0,1,0,0,1,0
PRIMARY,TLT,30-Year,2012-07-12,912810QW1,29-Year 10-Month,30-Year,10899,Yes,2012-07-05,2012-07-16,13000000000,YES,YES,,2012-07-03,2012-07-11,2012-07-12,2012-07-19,2507,2012,28,2012-07,NO,0,YES,-1,0,1,0,0,1,0,0,1,0
PRIMARY,TLT,30-Year,2012-08-09,912810QX9,30-Year,30-Year,10963,No,2012-08-01,2012-08-15,16000000000,YES,YES,,2012-08-01,2012-08-08,2012-08-09,2012-08-16,2527,2012,32,2012-08,NO,0,NO,0,0,1,0,0,1,0,0,0,0
PRIMARY,TLT,30-Year,2012-09-13,912810QX9,29-Year 11-Month,30-Year,10928,Yes,2012-09-06,2012-09-17,13000000000,YES,YES,,2012-09-05,2012-09-12,2012-09-13,2012-09-20,2551,2012,37,2012-09,NO,0,YES,-1,0,1,0,0,1,0,0,1,0
PRIMARY,TLT,30-Year,2012-10-11,912810QX9,29-Year 10-Month,30-Year,10900,Yes,2012-10-04,2012-10-15,13000000000,YES,YES,,2012-10-03,2012-10-10,2012-10-11,2012-10-18,2571,2012,41,2012-10,NO,0,YES,-1,0,1,0,0,1,0,0,1,0
PRIMARY,TLT,30-Year,2012-11-08,912810QY7,30-Year,30-Year,10964,No,2012-10-31,2012-11-15,16000000000,YES,YES,,2012-10-31,2012-11-07,2012-11-08,2012-11-15,2589,2012,45,2012-11,NO,0,NO,0,0,1,0,0,1,0,0,0,0
PRIMARY,TLT,30-Year,2012-12-13,912810QY7,29-Year 11-Month,30-Year,10929,Yes,2012-12-06,2012-12-17,13000000000,YES,YES,,2012-12-05,2012-12-12,2012-12-13,2012-12-20,2613,2012,50,2012-12,NO,0,YES,-1,1,1,1,1,1,0,0,1,0
PRIMARY,TLT,30-Year,2013-01-10,912810QY7,29-Year 10-Month,30-Year,10901,Yes,2013-01-03,2013-01-15,13000000000,YES,YES,,2013-01-02,2013-01-09,2013-01-10,2013-01-17,2631,2013,2,2013-01,NO,0,YES,-1,0,1,0,0,1,0,0,0,0
PRIMARY,TLT,30-Year,2013-02-14,912810QZ4,30-Year,30-Year,10958,No,2013-02-06,2013-02-15,16000000000,YES,YES,,2013-02-06,2013-02-13,2013-02-14,2013-02-22,2655,2013,7,2013-02,NO,0,NO,0,0,1,0,0,1,0,0,1,0
PRIMARY,TLT,30-Year,2013-03-14,912810QZ4,29-Year 11-Month,30-Year,10930,Yes,2013-03-07,2013-03-15,13000000000,YES,YES,,2013-03-06,2013-03-13,2013-03-14,2013-03-21,2674,2013,11,2013-03,NO,0,YES,-1,0,1,0,0,1,0,0,1,0
PRIMARY,TLT,30-Year,2013-04-11,912810QZ4,29-Year 10-Month,30-Year,10902,Yes,2013-04-04,2013-04-15,13000000000,YES,YES,,2013-04-03,2013-04-10,2013-04-11,2013-04-18,2693,2013,15,2013-04,NO,0,YES,-1,0,1,0,0,1,0,0,1,0
PRIMARY,TLT,30-Year,2013-05-09,912810RB6,30-Year,30-Year,10963,No,2013-05-01,2013-05-15,16000000000,YES,YES,,2013-05-01,2013-05-08,2013-05-09,2013-05-16,2713,2013,19,2013-05,NO,0,NO,0,0,1,0,0,1,0,0,0,0
PRIMARY,TLT,30-Year,2013-06-13,912810RB6,29-Year 11-Month,30-Year,10928,Yes,2013-06-06,2013-06-17,13000000000,YES,YES,,2013-06-05,2013-06-12,2013-06-13,2013-06-20,2737,2013,24,2013-06,NO,0,YES,-1,0,1,0,0,1,0,0,1,0
PRIMARY,TLT,30-Year,2013-07-11,912810RB6,29-Year 10-Month,30-Year,10900,Yes,2013-07-03,2013-07-15,13000000000,YES,YES,,2013-07-02,2013-07-10,2013-07-11,2013-07-18,2756,2013,28,2013-07,NO,0,YES,-1,0,1,0,0,1,0,0,1,0
PRIMARY,TLT,30-Year,2013-08-08,912810RC4,30-Year,30-Year,10964,No,2013-07-31,2013-08-15,16000000000,YES,YES,,2013-07-31,2013-08-07,2013-08-08,2013-08-15,2776,2013,32,2013-08,NO,0,NO,0,0,1,0,0,1,0,0,0,0
PRIMARY,TLT,30-Year,2013-09-12,912810RC4,29-Year 11-Month,30-Year,10929,Yes,2013-09-05,2013-09-16,13000000000,YES,YES,,2013-09-04,2013-09-11,2013-09-12,2013-09-19,2800,2013,37,2013-09,NO,0,YES,-1,0,1,0,0,1,0,0,1,0
PRIMARY,TLT,30-Year,2013-10-10,912810RC4,29-Year 10-Month,30-Year,10901,Yes,2013-10-03,2013-10-15,13000000000,YES,YES,,2013-10-02,2013-10-09,2013-10-10,2013-10-17,2820,2013,41,2013-10,NO,0,YES,-1,0,1,0,0,1,0,0,0,0
PRIMARY,TLT,30-Year,2013-11-14,912810RD2,30-Year,30-Year,10958,No,2013-11-06,2013-11-15,16000000000,YES,YES,,2013-11-06,2013-11-13,2013-11-14,2013-11-21,2845,2013,46,2013-11,NO,0,NO,0,0,1,0,0,1,0,0,1,0
PRIMARY,TLT,30-Year,2013-12-12,912810RD2,29-Year 11-Month,30-Year,10930,Yes,2013-12-05,2013-12-16,13000000000,YES,YES,,2013-12-04,2013-12-11,2013-12-12,2013-12-19,2864,2013,50,2013-12,NO,0,YES,-1,1,1,1,1,1,0,0,1,0
PRIMARY,TLT,30-Year,2014-01-09,912810RD2,29-Year 10-Month,30-Year,10902,Yes,2014-01-02,2014-01-15,13000000000,YES,YES,,2013-12-31,2014-01-08,2014-01-09,2014-01-16,2882,2014,2,2014-01,NO,0,YES,-1,0,1,0,0,1,0,0,0,0
PRIMARY,TLT,30-Year,2014-02-13,912810RE0,30-Year,30-Year,10959,No,2014-02-05,2014-02-18,16000000000,YES,YES,,2014-02-05,2014-02-12,2014-02-13,2014-02-21,2906,2014,7,2014-02,NO,0,NO,0,0,1,0,0,1,0,0,1,0
PRIMARY,TLT,30-Year,2014-03-13,912810RE0,29-Year 11-Month,30-Year,10931,Yes,2014-03-06,2014-03-17,13000000000,YES,YES,,2014-03-05,2014-03-12,2014-03-13,2014-03-20,2925,2014,11,2014-03,NO,0,YES,-1,0,1,0,0,1,0,0,1,0
PRIMARY,TLT,30-Year,2014-04-10,912810RE0,29-Year 10-Month,30-Year,10903,Yes,2014-04-03,2014-04-15,13000000000,YES,YES,,2014-04-02,2014-04-09,2014-04-10,2014-04-17,2945,2014,15,2014-04,NO,0,YES,-1,0,1,0,0,1,0,0,1,0
PRIMARY,TLT,30-Year,2014-05-08,912810RG5,30-Year,30-Year,10965,No,2014-04-30,2014-05-15,16000000000,YES,YES,,2014-04-30,2014-05-07,2014-05-08,2014-05-15,2964,2014,19,2014-05,NO,0,NO,0,0,1,0,0,1,0,0,0,0
PRIMARY,TLT,30-Year,2014-06-12,912810RG5,29-Year 11-Month,30-Year,10930,Yes,2014-06-05,2014-06-16,13000000000,YES,YES,,2014-06-04,2014-06-11,2014-06-12,2014-06-19,2988,2014,24,2014-06,NO,0,YES,-1,0,1,0,0,1,0,0,1,0
PRIMARY,TLT,30-Year,2014-07-10,912810RG5,29-Year 10-Month,30-Year,10902,Yes,2014-07-03,2014-07-15,13000000000,YES,YES,,2014-07-01,2014-07-09,2014-07-10,2014-07-17,3007,2014,28,2014-07,NO,0,YES,-1,0,1,0,0,1,0,0,0,0
PRIMARY,TLT,30-Year,2014-08-14,912810RH3,30-Year,30-Year,10959,No,2014-08-06,2014-08-15,16000000000,YES,YES,,2014-08-06,2014-08-13,2014-08-14,2014-08-21,3032,2014,33,2014-08,NO,0,NO,0,0,1,0,0,1,0,0,1,0
PRIMARY,TLT,30-Year,2014-09-11,912810RH3,29-Year 11-Month,30-Year,10931,Yes,2014-09-04,2014-09-15,13000000000,YES,YES,,2014-09-03,2014-09-10,2014-09-11,2014-09-18,3051,2014,37,2014-09,NO,0,YES,-1,0,1,0,0,1,0,0,1,0
PRIMARY,TLT,30-Year,2014-10-09,912810RH3,29-Year 10-Month,30-Year,10903,Yes,2014-10-02,2014-10-15,13000000000,YES,YES,,2014-10-01,2014-10-08,2014-10-09,2014-10-16,3071,2014,41,2014-10,NO,0,YES,-1,0,1,0,0,1,0,0,0,0
PRIMARY,TLT,30-Year,2014-11-13,912810RJ9,30-Year,30-Year,10960,No,2014-11-05,2014-11-17,16000000000,YES,YES,,2014-11-05,2014-11-12,2014-11-13,2014-11-20,3096,2014,46,2014-11,NO,0,NO,0,0,1,0,0,1,0,0,1,0
PRIMARY,TLT,30-Year,2014-12-11,912810RJ9,29-Year 11-Month,30-Year,10932,Yes,2014-12-04,2014-12-15,13000000000,YES,YES,,2014-12-03,2014-12-10,2014-12-11,2014-12-18,3115,2014,50,2014-12,NO,0,YES,-1,0,1,0,0,1,0,0,1,0
PRIMARY,TLT,30-Year,2015-01-14,912810RJ9,29-Year 10-Month,30-Year,10898,Yes,2015-01-08,2015-01-15,13000000000,YES,YES,,2015-01-06,2015-01-13,2015-01-14,2015-01-22,3137,2015,3,2015-01,NO,0,YES,-1,0,1,0,0,1,0,0,1,0
PRIMARY,TLT,30-Year,2015-02-12,912810RK6,30-Year,30-Year,10961,No,2015-02-04,2015-02-17,16000000000,YES,YES,,2015-02-04,2015-02-11,2015-02-12,2015-02-20,3157,2015,7,2015-02,NO,0,NO,0,0,1,0,0,1,0,0,1,0
PRIMARY,TLT,30-Year,2015-03-12,912810RK6,29-Year 11-Month,30-Year,10933,Yes,2015-03-05,2015-03-16,13000000000,YES,YES,,2015-03-04,2015-03-11,2015-03-12,2015-03-19,3176,2015,11,2015-03,NO,0,YES,-1,0,1,0,0,1,0,0,1,0
PRIMARY,TLT,30-Year,2015-04-09,912810RK6,29-Year 10-Month,30-Year,10905,Yes,2015-04-02,2015-04-15,13000000000,YES,YES,,2015-03-31,2015-04-08,2015-04-09,2015-04-16,3195,2015,15,2015-04,NO,0,YES,-1,0,1,0,0,1,0,0,0,0
PRIMARY,TLT,30-Year,2015-05-14,912810RM2,30-Year,30-Year,10959,No,2015-05-06,2015-05-15,16000000000,YES,YES,,2015-05-06,2015-05-13,2015-05-14,2015-05-21,3220,2015,20,2015-05,NO,0,NO,0,0,1,0,0,1,0,0,1,0
PRIMARY,TLT,30-Year,2015-06-11,912810RM2,29-Year 11-Month,30-Year,10931,Yes,2015-06-04,2015-06-15,13000000000,YES,YES,,2015-06-03,2015-06-10,2015-06-11,2015-06-18,3239,2015,24,2015-06,NO,0,YES,-1,0,1,0,0,1,0,0,1,0
PRIMARY,TLT,30-Year,2015-07-09,912810RM2,29-Year 10-Month,30-Year,10903,Yes,2015-07-02,2015-07-15,13000000000,YES,YES,,2015-06-30,2015-07-08,2015-07-09,2015-07-16,3258,2015,28,2015-07,NO,0,YES,-1,0,1,0,0,1,0,0,0,0
PRIMARY,TLT,30-Year,2015-08-13,912810RN0,30-Year,30-Year,10960,No,2015-08-05,2015-08-17,16000000000,YES,YES,,2015-08-05,2015-08-12,2015-08-13,2015-08-20,3283,2015,33,2015-08,NO,0,NO,0,0,1,0,0,1,0,0,1,0
PRIMARY,TLT,30-Year,2015-09-10,912810RN0,29-Year 11-Month,30-Year,10932,Yes,2015-09-03,2015-09-15,13000000000,YES,YES,,2015-09-01,2015-09-09,2015-09-10,2015-09-17,3302,2015,37,2015-09,NO,0,YES,-1,0,1,0,0,1,0,0,0,0
PRIMARY,TLT,30-Year,2015-10-08,912810RN0,29-Year 10-Month,30-Year,10904,Yes,2015-10-01,2015-10-15,13000000000,YES,YES,,2015-09-30,2015-10-07,2015-10-08,2015-10-15,3322,2015,41,2015-10,NO,0,YES,-1,0,1,0,0,1,0,0,0,0
PRIMARY,TLT,30-Year,2015-11-12,912810RP5,30-Year,30-Year,10961,No,2015-11-04,2015-11-16,16000000000,YES,YES,,2015-11-04,2015-11-11,2015-11-12,2015-11-19,3347,2015,46,2015-11,NO,0,NO,0,0,1,0,0,1,0,0,1,0
PRIMARY,TLT,30-Year,2015-12-10,912810RP5,29-Year 11-Month,30-Year,10933,Yes,2015-12-03,2015-12-15,13000000000,YES,YES,,2015-12-02,2015-12-09,2015-12-10,2015-12-17,3366,2015,50,2015-12,NO,0,YES,-1,0,1,0,0,1,0,0,1,0
PRIMARY,TLT,30-Year,2016-01-14,912810RP5,29-Year 10-Month,30-Year,10898,Yes,2016-01-07,2016-01-15,13000000000,YES,YES,,2016-01-06,2016-01-13,2016-01-14,2016-01-22,3389,2016,2,2016-01,NO,0,YES,-1,0,1,0,0,1,0,0,1,0
PRIMARY,TLT,30-Year,2016-02-11,912810RQ3,30-Year,30-Year,10962,No,2016-02-03,2016-02-16,15000000000,YES,YES,,2016-02-03,2016-02-10,2016-02-11,2016-02-19,3408,2016,6,2016-02,NO,0,NO,0,0,1,0,0,1,0,0,1,0
PRIMARY,TLT,30-Year,2016-03-10,912810RQ3,29-Year 11-Month,30-Year,10934,Yes,2016-03-03,2016-03-15,12000000000,YES,YES,,2016-03-02,2016-03-09,2016-03-10,2016-03-17,3427,2016,10,2016-03,NO,0,YES,-1,0,1,0,0,1,0,0,1,0
PRIMARY,TLT,30-Year,2016-04-14,912810RQ3,29-Year 10-Month,30-Year,10899,Yes,2016-04-07,2016-04-15,12000000000,YES,YES,,2016-04-06,2016-04-13,2016-04-14,2016-04-21,3451,2016,15,2016-04,NO,0,YES,-1,0,1,0,0,1,0,0,1,0
PRIMARY,TLT,30-Year,2016-05-12,912810RS9,30-Year,30-Year,10960,No,2016-05-04,2016-05-16,15000000000,YES,YES,,2016-05-04,2016-05-11,2016-05-12,2016-05-19,3471,2016,19,2016-05,NO,0,NO,0,0,1,0,0,1,0,0,1,0
PRIMARY,TLT,30-Year,2016-06-09,912810RS9,29-Year 11-Month,30-Year,10932,Yes,2016-06-02,2016-06-15,12000000000,YES,YES,,2016-06-01,2016-06-08,2016-06-09,2016-06-16,3490,2016,23,2016-06,NO,0,YES,-1,0,1,0,0,1,0,0,0,0
PRIMARY,TLT,30-Year,2016-07-13,912810RS9,29-Year 10-Month,30-Year,10898,Yes,2016-07-07,2016-07-15,12000000000,YES,YES,,2016-07-05,2016-07-12,2016-07-13,2016-07-20,3513,2016,28,2016-07,NO,0,YES,-1,0,1,0,0,1,0,0,0,0
PRIMARY,TLT,30-Year,2016-08-11,912810RT7,30-Year,30-Year,10961,No,2016-08-03,2016-08-15,15000000000,YES,YES,,2016-08-03,2016-08-10,2016-08-11,2016-08-18,3534,2016,32,2016-08,NO,0,NO,0,0,1,0,0,1,0,0,1,0
PRIMARY,TLT,30-Year,2016-09-13,912810RT7,29-Year 11-Month,30-Year,10928,Yes,2016-09-08,2016-09-15,12000000000,YES,YES,,2016-09-02,2016-09-12,2016-09-13,2016-09-20,3556,2016,37,2016-09,NO,0,YES,-1,0,1,0,0,1,0,0,0,0
PRIMARY,TLT,30-Year,2016-10-13,912810RT7,29-Year 10-Month,30-Year,10898,Yes,2016-10-06,2016-10-17,12000000000,YES,YES,,2016-10-05,2016-10-12,2016-10-13,2016-10-20,3578,2016,41,2016-10,NO,0,YES,-1,0,1,0,0,1,0,0,1,0
PRIMARY,TLT,30-Year,2016-11-10,912810RU4,30-Year,30-Year,10962,No,2016-11-02,2016-11-15,15000000000,YES,YES,,2016-11-02,2016-11-09,2016-11-10,2016-11-17,3598,2016,45,2016-11,NO,0,NO,0,0,1,0,0,1,0,0,1,0
PRIMARY,TLT,30-Year,2016-12-13,912810RU4,29-Year 11-Month,30-Year,10929,Yes,2016-12-08,2016-12-15,12000000000,YES,YES,,2016-12-05,2016-12-12,2016-12-13,2016-12-20,3620,2016,50,2016-12,NO,0,YES,-1,0,1,0,0,1,0,0,0,0
PRIMARY,TLT,30-Year,2017-01-12,912810RU4,29-Year 10-Month,30-Year,10899,Yes,2017-01-05,2017-01-17,12000000000,YES,YES,,2017-01-04,2017-01-11,2017-01-12,2017-01-20,3640,2017,2,2017-01,NO,0,YES,-1,0,1,0,0,1,0,0,1,0
PRIMARY,TLT,30-Year,2017-02-09,912810RV2,30-Year,30-Year,10963,No,2017-02-01,2017-02-15,15000000000,YES,YES,,2017-02-01,2017-02-08,2017-02-09,2017-02-16,3659,2017,6,2017-02,NO,0,NO,0,0,1,0,0,1,0,0,1,0
PRIMARY,TLT,30-Year,2017-03-09,912810RV2,29-Year 11-Month,30-Year,10935,Yes,2017-03-02,2017-03-15,12000000000,YES,YES,,2017-03-01,2017-03-08,2017-03-09,2017-03-16,3678,2017,10,2017-03,NO,0,YES,-1,0,1,0,0,1,0,0,0,0
PRIMARY,TLT,30-Year,2017-04-12,912810RV2,29-Year 10-Month,30-Year,10901,Yes,2017-04-06,2017-04-17,12000000000,YES,YES,,2017-04-04,2017-04-11,2017-04-12,2017-04-20,3702,2017,15,2017-04,NO,0,YES,-1,0,1,0,0,1,0,0,1,0
PRIMARY,TLT,30-Year,2017-05-11,912810RX8,30-Year,30-Year,10961,No,2017-05-03,2017-05-15,15000000000,YES,YES,,2017-05-03,2017-05-10,2017-05-11,2017-05-18,3722,2017,19,2017-05,NO,0,NO,0,0,1,0,0,1,0,0,1,0
PRIMARY,TLT,30-Year,2017-06-13,912810RX8,29-Year 11-Month,30-Year,10928,Yes,2017-06-08,2017-06-15,12000000000,YES,YES,,2017-06-05,2017-06-12,2017-06-13,2017-06-20,3744,2017,24,2017-06,NO,0,YES,-1,0,1,0,0,1,0,0,0,0
PRIMARY,TLT,30-Year,2017-07-13,912810RX8,29-Year 10-Month,30-Year,10898,Yes,2017-07-06,2017-07-17,12000000000,YES,YES,,2017-07-05,2017-07-12,2017-07-13,2017-07-20,3765,2017,28,2017-07,NO,0,YES,-1,0,1,0,0,1,0,0,1,0
PRIMARY,TLT,30-Year,2017-08-10,912810RY6,30-Year,30-Year,10962,No,2017-08-02,2017-08-15,15000000000,YES,YES,,2017-08-02,2017-08-09,2017-08-10,2017-08-17,3785,2017,32,2017-08,NO,0,NO,0,0,1,0,0,1,0,0,0,0
PRIMARY,TLT,30-Year,2017-09-13,912810RY6,29-Year 11-Month,30-Year,10928,Yes,2017-09-07,2017-09-15,12000000000,YES,YES,,2017-09-05,2017-09-12,2017-09-13,2017-09-20,3808,2017,37,2017-09,NO,0,YES,-1,0,1,0,0,1,0,0,0,0
PRIMARY,TLT,30-Year,2017-10-12,912810RY6,29-Year 10-Month,30-Year,10899,Yes,2017-10-05,2017-10-16,12000000000,YES,YES,,2017-10-04,2017-10-11,2017-10-12,2017-10-19,3829,2017,41,2017-10,NO,0,YES,-1,0,1,0,0,1,0,0,1,0
PRIMARY,TLT,30-Year,2017-11-09,912810RZ3,30-Year,30-Year,10963,No,2017-11-01,2017-11-15,15000000000,YES,YES,,2017-11-01,2017-11-08,2017-11-09,2017-11-16,3849,2017,45,2017-11,NO,0,NO,0,0,1,0,0,1,0,0,1,0
PRIMARY,TLT,30-Year,2017-12-12,912810RZ3,29-Year 11-Month,30-Year,10930,Yes,2017-12-07,2017-12-15,12000000000,YES,YES,,2017-12-04,2017-12-11,2017-12-12,2017-12-19,3871,2017,50,2017-12,NO,0,YES,-1,0,1,0,0,1,0,0,0,0
PRIMARY,TLT,30-Year,2018-01-11,912810RZ3,29-Year 10-Month,30-Year,10900,Yes,2018-01-04,2018-01-16,12000000000,YES,YES,,2018-01-03,2018-01-10,2018-01-11,2018-01-19,3891,2018,2,2018-01,NO,0,YES,-1,0,1,0,0,1,0,0,1,0
PRIMARY,TLT,30-Year,2018-02-08,912810SA7,30-Year,30-Year,10964,No,2018-01-31,2018-02-15,16000000000,YES,YES,,2018-01-31,2018-02-07,2018-02-08,2018-02-15,3910,2018,6,2018-02,NO,0,NO,0,0,1,0,0,1,0,0,1,0
PRIMARY,TLT,30-Year,2018-03-13,912810SA7,29-Year 11-Month,30-Year,10931,Yes,2018-03-08,2018-03-15,13000000000,YES,YES,,2018-03-05,2018-03-12,2018-03-13,2018-03-20,3932,2018,11,2018-03,NO,0,YES,-1,0,1,0,0,1,0,0,0,0
PRIMARY,TLT,30-Year,2018-04-12,912810SA7,29-Year 10-Month,30-Year,10901,Yes,2018-04-05,2018-04-16,13000000000,YES,YES,,2018-04-04,2018-04-11,2018-04-12,2018-04-19,3953,2018,15,2018-04,NO,0,YES,-1,0,1,0,0,1,0,0,1,0
PRIMARY,TLT,30-Year,2018-05-10,912810SC3,30-Year,30-Year,10963,No,2018-05-02,2018-05-15,17000000000,YES,YES,,2018-05-02,2018-05-09,2018-05-10,2018-05-17,3973,2018,19,2018-05,NO,0,NO,0,0,1,0,0,1,0,0,1,0
PRIMARY,TLT,30-Year,2018-06-12,912810SC3,29-Year 11-Month,30-Year,10930,Yes,2018-06-07,2018-06-15,14000000000,YES,YES,,2018-06-04,2018-06-11,2018-06-12,2018-06-19,3995,2018,24,2018-06,NO,0,YES,-1,0,1,0,0,1,0,0,0,0
PRIMARY,TLT,30-Year,2018-07-12,912810SC3,29-Year 10-Month,30-Year,10900,Yes,2018-07-05,2018-07-16,14000000000,YES,YES,,2018-07-03,2018-07-11,2018-07-12,2018-07-19,4016,2018,28,2018-07,NO,0,YES,-1,0,1,0,0,1,0,0,1,0
PRIMARY,TLT,30-Year,2018-08-09,912810SD1,30-Year,30-Year,10964,No,2018-08-01,2018-08-15,18000000000,YES,YES,,2018-08-01,2018-08-08,2018-08-09,2018-08-16,4036,2018,32,2018-08,NO,0,NO,0,0,1,0,0,1,0,0,0,0
PRIMARY,TLT,30-Year,2018-09-13,912810SD1,29-Year 11-Month,30-Year,10929,Yes,2018-09-06,2018-09-17,15000000000,YES,YES,,2018-09-05,2018-09-12,2018-09-13,2018-09-20,4060,2018,37,2018-09,NO,0,YES,-1,0,1,0,0,1,0,0,1,0
PRIMARY,TLT,30-Year,2018-10-11,912810SD1,29-Year 10-Month,30-Year,10901,Yes,2018-10-04,2018-10-15,15000000000,YES,YES,,2018-10-03,2018-10-10,2018-10-11,2018-10-18,4080,2018,41,2018-10,NO,0,YES,-1,0,1,0,0,1,0,0,1,0
PRIMARY,TLT,30-Year,2018-11-07,912810SE9,30-Year,30-Year,10966,No,2018-10-31,2018-11-15,19000000000,YES,YES,,2018-10-30,2018-11-06,2018-11-07,2018-11-14,4099,2018,45,2018-11,YES,-1,YES,-1,0,1,0,0,1,0,0,0,0
PRIMARY,TLT,30-Year,2018-12-13,912810SE9,29-Year 11-Month,30-Year,10930,Yes,2018-12-06,2018-12-17,16000000000,YES,YES,,2018-12-04,2018-12-12,2018-12-13,2018-12-20,4123,2018,50,2018-12,NO,0,YES,-1,0,1,0,0,1,0,0,1,0
PRIMARY,TLT,30-Year,2019-01-10,912810SE9,29-Year 10-Month,30-Year,10902,Yes,2019-01-03,2019-01-15,16000000000,YES,YES,,2019-01-02,2019-01-09,2019-01-10,2019-01-17,4141,2019,2,2019-01,NO,0,YES,-1,0,1,0,0,1,0,0,1,0
PRIMARY,TLT,30-Year,2019-02-07,912810SF6,30-Year,30-Year,10966,No,2019-01-30,2019-02-15,19000000000,YES,YES,,2019-01-30,2019-02-06,2019-02-07,2019-02-14,4160,2019,6,2019-02,NO,0,NO,0,0,1,0,0,1,0,0,0,0
PRIMARY,TLT,30-Year,2019-03-13,912810SF6,29-Year 11-Month,30-Year,10932,Yes,2019-03-07,2019-03-15,16000000000,YES,YES,,2019-03-05,2019-03-12,2019-03-13,2019-03-20,4183,2019,11,2019-03,NO,0,YES,-1,0,1,0,0,1,0,0,0,0
PRIMARY,TLT,30-Year,2019-04-11,912810SF6,29-Year 10-Month,30-Year,10903,Yes,2019-04-04,2019-04-15,16000000000,YES,YES,,2019-04-03,2019-04-10,2019-04-11,2019-04-18,4204,2019,15,2019-04,NO,0,YES,-1,0,1,0,0,1,0,0,1,0
PRIMARY,TLT,30-Year,2019-05-09,912810SH2,30-Year,30-Year,10964,No,2019-05-01,2019-05-15,19000000000,YES,YES,,2019-05-01,2019-05-08,2019-05-09,2019-05-16,4223,2019,19,2019-05,NO,0,NO,0,0,1,0,0,1,0,0,0,0
PRIMARY,TLT,30-Year,2019-06-13,912810SH2,29-Year 11-Month,30-Year,10929,Yes,2019-06-06,2019-06-17,16000000000,YES,YES,,2019-06-05,2019-06-12,2019-06-13,2019-06-20,4247,2019,24,2019-06,NO,0,YES,-1,0,1,0,0,1,0,0,1,0
PRIMARY,TLT,30-Year,2019-07-11,912810SH2,29-Year 10-Month,30-Year,10901,Yes,2019-07-03,2019-07-15,16000000000,YES,YES,,2019-07-02,2019-07-10,2019-07-11,2019-07-18,4266,2019,28,2019-07,NO,0,YES,-1,0,1,0,0,1,0,0,1,0
PRIMARY,TLT,30-Year,2019-08-08,912810SJ8,30-Year,30-Year,10965,No,2019-07-31,2019-08-15,19000000000,YES,YES,,2019-07-31,2019-08-07,2019-08-08,2019-08-15,4286,2019,32,2019-08,NO,0,NO,0,0,1,0,0,1,0,0,0,0
PRIMARY,TLT,30-Year,2019-09-12,912810SJ8,29-Year 11-Month,30-Year,10930,Yes,2019-09-05,2019-09-16,16000000000,YES,YES,,2019-09-04,2019-09-11,2019-09-12,2019-09-19,4310,2019,37,2019-09,NO,0,YES,-1,0,1,0,0,1,0,0,1,0
PRIMARY,TLT,30-Year,2019-10-10,912810SJ8,29-Year 10-Month,30-Year,10902,Yes,2019-10-03,2019-10-15,16000000000,YES,YES,,2019-10-02,2019-10-09,2019-10-10,2019-10-17,4330,2019,41,2019-10,NO,0,YES,-1,0,1,0,0,1,0,0,1,0
PRIMARY,TLT,30-Year,2019-11-07,912810SK5,30-Year,30-Year,10966,No,2019-10-30,2019-11-15,19000000000,YES,YES,,2019-10-30,2019-11-06,2019-11-07,2019-11-14,4350,2019,45,2019-11,NO,0,NO,0,0,0,0,0,2,0,0,0,0
PRIMARY,TLT,30-Year,2019-12-12,912810SK5,29-Year 11-Month,30-Year,10931,Yes,2019-12-05,2019-12-16,16000000000,YES,YES,,2019-12-04,2019-12-11,2019-12-12,2019-12-19,4374,2019,50,2019-12,NO,0,YES,-1,0,1,0,0,1,0,0,1,2
PRIMARY,TLT,30-Year,2020-01-09,912810SK5,29-Year 10-Month,30-Year,10903,Yes,2020-01-02,2020-01-15,16000000000,YES,YES,,2019-12-31,2020-01-08,2020-01-09,2020-01-16,4392,2020,2,2020-01,NO,0,YES,-1,0,1,0,0,1,0,0,0,0
PRIMARY,TLT,30-Year,2020-02-13,912810SL3,30-Year,30-Year,10960,No,2020-02-05,2020-02-18,19000000000,YES,YES,,2020-02-05,2020-02-12,2020-02-13,2020-02-21,4416,2020,7,2020-02,NO,0,NO,0,0,1,0,0,1,0,0,1,0
PRIMARY,TLT,30-Year,2020-03-12,912810SL3,29-Year 11-Month,30-Year,10932,Yes,2020-03-05,2020-03-16,16000000000,YES,YES,,2020-03-04,2020-03-11,2020-03-12,2020-03-19,4435,2020,11,2020-03,NO,0,YES,-1,0,1,0,0,1,0,0,1,0
PRIMARY,TLT,30-Year,2020-04-08,912810SL3,29-Year 10-Month,30-Year,10905,Yes,2020-04-02,2020-04-15,17000000000,YES,YES,,2020-03-31,2020-04-07,2020-04-08,2020-04-16,4454,2020,15,2020-04,NO,0,YES,-1,0,1,0,0,1,0,0,0,0
PRIMARY,TLT,30-Year,2020-05-13,912810SN9,30-Year,30-Year,10959,No,2020-05-06,2020-05-15,22000000000,YES,YES,,2020-05-05,2020-05-12,2020-05-13,2020-05-20,4478,2020,20,2020-05,YES,-1,YES,-1,0,1,0,0,1,1,0,0,0
PRIMARY,TLT,30-Year,2020-06-11,912810SN9,29-Year 11-Month,30-Year,10930,Yes,2020-06-04,2020-06-15,19000000000,YES,YES,,2020-06-03,2020-06-10,2020-06-11,2020-06-18,4498,2020,24,2020-06,NO,0,YES,-1,0,1,0,0,1,1,0,1,0
PRIMARY,TLT,30-Year,2020-07-09,912810SN9,29-Year 10-Month,30-Year,10902,Yes,2020-07-02,2020-07-15,19000000000,YES,YES,,2020-06-30,2020-07-08,2020-07-09,2020-07-16,4517,2020,28,2020-07,NO,0,YES,-1,0,1,0,0,1,0,0,1,0
PRIMARY,TLT,30-Year,2020-08-13,912810SP4,30-Year,30-Year,10959,No,2020-08-05,2020-08-17,26000000000,YES,YES,,2020-08-05,2020-08-12,2020-08-13,2020-08-20,4542,2020,33,2020-08,NO,0,NO,0,0,1,0,0,1,1,0,1,0
PRIMARY,TLT,30-Year,2020-09-10,912810SP4,29-Year 11-Month,30-Year,10931,Yes,2020-09-03,2020-09-15,23000000000,YES,YES,,2020-09-01,2020-09-09,2020-09-10,2020-09-17,4561,2020,37,2020-09,NO,0,YES,-1,0,1,0,0,1,1,0,1,0
PRIMARY,TLT,30-Year,2020-10-08,912810SP4,29-Year 10-Month,30-Year,10903,Yes,2020-10-01,2020-10-15,23000000000,YES,YES,,2020-09-30,2020-10-07,2020-10-08,2020-10-15,4581,2020,41,2020-10,NO,0,YES,-1,0,1,0,0,1,0,0,0,0
PRIMARY,TLT,30-Year,2020-11-12,912810SS8,30-Year,30-Year,10960,No,2020-11-04,2020-11-16,27000000000,YES,YES,,2020-11-04,2020-11-11,2020-11-12,2020-11-19,4606,2020,46,2020-11,NO,0,NO,0,0,1,0,0,1,1,0,1,0
PRIMARY,TLT,30-Year,2020-12-10,912810SS8,29-Year 11-Month,30-Year,10932,Yes,2020-12-03,2020-12-15,24000000000,YES,YES,,2020-12-02,2020-12-09,2020-12-10,2020-12-17,4625,2020,50,2020-12,NO,0,YES,-1,0,1,0,0,1,0,0,0,0
PRIMARY,TLT,30-Year,2021-01-13,912810SS8,29-Year 10-Month,30-Year,10898,Yes,2021-01-07,2021-01-15,24000000000,YES,YES,,2021-01-05,2021-01-12,2021-01-13,2021-01-21,4647,2021,2,2021-01,NO,0,YES,-1,0,1,0,0,1,1,0,1,0
PRIMARY,TLT,30-Year,2021-02-11,912810SU3,30-Year,30-Year,10961,No,2021-02-03,2021-02-16,27000000000,YES,YES,,2021-02-03,2021-02-10,2021-02-11,2021-02-19,4667,2021,6,2021-02,NO,0,NO,0,0,1,0,0,1,1,0,1,0
PRIMARY,TLT,30-Year,2021-03-11,912810SU3,29-Year 11-Month,30-Year,10933,Yes,2021-03-04,2021-03-15,24000000000,YES,YES,,2021-03-03,2021-03-10,2021-03-11,2021-03-18,4686,2021,10,2021-03,NO,0,YES,-1,0,1,0,0,1,1,0,1,0
PRIMARY,TLT,30-Year,2021-04-13,912810SU3,29-Year 10-Month,30-Year,10900,Yes,2021-04-08,2021-04-15,24000000000,YES,YES,,2021-04-05,2021-04-12,2021-04-13,2021-04-20,4708,2021,15,2021-04,NO,0,YES,-1,0,1,0,0,1,0,0,0,0
PRIMARY,TLT,30-Year,2021-05-13,912810SX7,30-Year,30-Year,10959,No,2021-05-05,2021-05-17,27000000000,YES,YES,,2021-05-05,2021-05-12,2021-05-13,2021-05-20,4730,2021,19,2021-05,NO,0,NO,0,0,1,0,0,1,1,0,1,0
PRIMARY,TLT,30-Year,2021-06-10,912810SX7,29-Year 11-Month,30-Year,10931,Yes,2021-06-03,2021-06-15,24000000000,YES,YES,,2021-06-02,2021-06-09,2021-06-10,2021-06-17,4749,2021,23,2021-06,NO,0,YES,-1,0,1,0,0,1,1,0,1,0
PRIMARY,TLT,30-Year,2021-07-13,912810SX7,29-Year 10-Month,30-Year,10898,Yes,2021-07-08,2021-07-15,24000000000,YES,YES,,2021-07-02,2021-07-12,2021-07-13,2021-07-20,4771,2021,28,2021-07,NO,0,YES,-1,0,1,0,0,1,0,0,0,0
PRIMARY,TLT,30-Year,2021-08-12,912810SZ2,30-Year,30-Year,10960,No,2021-08-04,2021-08-16,27000000000,YES,YES,,2021-08-04,2021-08-11,2021-08-12,2021-08-19,4793,2021,32,2021-08,NO,0,NO,0,0,1,0,0,1,1,0,1,0
PRIMARY,TLT,30-Year,2021-09-09,912810SZ2,29-Year 11-Month,30-Year,10932,Yes,2021-09-02,2021-09-15,24000000000,YES,YES,,2021-08-31,2021-09-08,2021-09-09,2021-09-16,4812,2021,36,2021-09,NO,0,YES,-1,0,1,0,0,1,0,0,0,0
PRIMARY,TLT,30-Year,2021-10-13,912810SZ2,29-Year 10-Month,30-Year,10898,Yes,2021-10-07,2021-10-15,24000000000,YES,YES,,2021-10-05,2021-10-12,2021-10-13,2021-10-20,4836,2021,41,2021-10,NO,0,YES,-1,0,1,0,0,1,1,0,0,0
PRIMARY,TLT,30-Year,2021-11-10,912810TB4,30-Year,30-Year,10962,No,2021-11-03,2021-11-15,25000000000,YES,YES,,2021-11-02,2021-11-09,2021-11-10,2021-11-17,4856,2021,45,2021-11,YES,-1,YES,-1,0,1,0,0,1,1,0,0,0
PRIMARY,TLT,30-Year,2021-12-09,912810TB4,29-Year 11-Month,30-Year,10933,Yes,2021-12-02,2021-12-15,22000000000,YES,YES,,2021-12-01,2021-12-08,2021-12-09,2021-12-16,4876,2021,49,2021-12,NO,0,YES,-1,0,1,0,0,1,1,0,0,0
PRIMARY,TLT,30-Year,2022-01-13,912810TB4,29-Year 10-Month,30-Year,10898,Yes,2022-01-06,2022-01-18,22000000000,YES,YES,,2022-01-05,2022-01-12,2022-01-13,2022-01-21,4900,2022,2,2022-01,NO,0,YES,-1,0,1,0,0,1,1,0,1,0
PRIMARY,TLT,30-Year,2022-02-10,912810TD0,30-Year,30-Year,10962,No,2022-02-02,2022-02-15,23000000000,YES,YES,,2022-02-02,2022-02-09,2022-02-10,2022-02-17,4919,2022,6,2022-02,NO,0,NO,0,0,1,0,0,1,1,0,1,0
PRIMARY,TLT,30-Year,2022-03-10,912810TD0,29-Year 11-Month,30-Year,10934,Yes,2022-03-03,2022-03-15,20000000000,YES,YES,,2022-03-02,2022-03-09,2022-03-10,2022-03-17,4938,2022,10,2022-03,NO,0,YES,-1,0,1,0,0,1,0,0,0,0
PRIMARY,TLT,30-Year,2022-04-13,912810TD0,29-Year 10-Month,30-Year,10900,Yes,2022-04-07,2022-04-18,20000000000,YES,YES,,2022-04-05,2022-04-12,2022-04-13,2022-04-21,4962,2022,15,2022-04,NO,0,YES,-1,0,1,0,0,1,1,0,1,0
PRIMARY,TLT,30-Year,2022-05-12,912810TG3,30-Year,30-Year,10961,No,2022-05-04,2022-05-16,22000000000,YES,YES,,2022-05-04,2022-05-11,2022-05-12,2022-05-19,4982,2022,19,2022-05,NO,0,NO,0,0,1,0,0,1,1,0,1,0
PRIMARY,TLT,30-Year,2022-06-09,912810TG3,29-Year 11-Month,30-Year,10933,Yes,2022-06-02,2022-06-15,19000000000,YES,YES,,2022-06-01,2022-06-08,2022-06-09,2022-06-16,5001,2022,23,2022-06,NO,0,YES,-1,0,1,0,0,1,0,0,0,0
PRIMARY,TLT,30-Year,2022-07-13,912810TG3,29-Year 10-Month,30-Year,10899,Yes,2022-07-07,2022-07-15,19000000000,YES,YES,,2022-07-05,2022-07-12,2022-07-13,2022-07-20,5023,2022,28,2022-07,NO,0,YES,-1,0,1,0,0,1,1,0,0,1
PRIMARY,TLT,30-Year,2022-08-11,912810TJ7,30-Year,30-Year,10962,No,2022-08-03,2022-08-15,21000000000,YES,YES,,2022-08-03,2022-08-10,2022-08-11,2022-08-18,5044,2022,32,2022-08,NO,0,NO,0,0,1,0,0,1,1,0,1,0
PRIMARY,TLT,30-Year,2022-09-13,912810TJ7,29-Year 11-Month,30-Year,10929,Yes,2022-09-08,2022-09-15,18000000000,YES,YES,,2022-09-02,2022-09-12,2022-09-13,2022-09-20,5066,2022,37,2022-09,NO,0,YES,-1,0,1,0,0,1,1,0,0,0
PRIMARY,TLT,30-Year,2022-10-13,912810TJ7,29-Year 10-Month,30-Year,10899,Yes,2022-10-06,2022-10-17,18000000000,YES,YES,,2022-10-05,2022-10-12,2022-10-13,2022-10-20,5088,2022,41,2022-10,NO,0,YES,-1,0,1,0,0,1,1,0,1,0
PRIMARY,TLT,30-Year,2022-11-10,912810TL2,30-Year,30-Year,10963,No,2022-11-02,2022-11-15,21000000000,YES,YES,,2022-11-02,2022-11-09,2022-11-10,2022-11-17,5108,2022,45,2022-11,NO,0,NO,0,0,1,0,0,1,1,0,1,0
PRIMARY,TLT,30-Year,2022-12-13,912810TL2,29-Year 11-Month,30-Year,10930,Yes,2022-12-08,2022-12-15,18000000000,YES,YES,,2022-12-05,2022-12-12,2022-12-13,2022-12-20,5130,2022,50,2022-12,NO,0,YES,-1,0,1,0,0,1,0,0,0,0
PRIMARY,TLT,30-Year,2023-01-12,912810TL2,29-Year 10-Month,30-Year,10900,Yes,2023-01-05,2023-01-17,18000000000,YES,YES,,2023-01-04,2023-01-11,2023-01-12,2023-01-20,5150,2023,2,2023-01,NO,0,YES,-1,0,1,0,0,1,1,0,1,0
PRIMARY,TLT,30-Year,2023-02-09,912810TN8,30-Year,30-Year,10964,No,2023-02-01,2023-02-15,21000000000,YES,YES,,2023-02-01,2023-02-08,2023-02-09,2023-02-16,5169,2023,6,2023-02,NO,0,NO,0,0,1,0,0,1,1,0,1,0
PRIMARY,TLT,30-Year,2023-03-09,912810TN8,29-Year 11-Month,30-Year,10936,Yes,2023-03-02,2023-03-15,18000000000,YES,YES,,2023-03-01,2023-03-08,2023-03-09,2023-03-16,5188,2023,10,2023-03,NO,0,YES,-1,0,1,0,0,1,0,0,0,0
PRIMARY,TLT,30-Year,2023-04-13,912810TN8,29-Year 10-Month,30-Year,10901,Yes,2023-04-06,2023-04-17,18000000000,YES,YES,,2023-04-04,2023-04-12,2023-04-13,2023-04-20,5212,2023,15,2023-04,NO,0,YES,-1,0,1,0,0,1,1,0,1,0
PRIMARY,TLT,30-Year,2023-05-11,912810TR9,30-Year,30-Year,10962,No,2023-05-03,2023-05-15,21000000000,YES,YES,,2023-05-03,2023-05-10,2023-05-11,2023-05-18,5232,2023,19,2023-05,NO,0,NO,0,0,1,0,0,1,1,0,1,0
PRIMARY,TLT,30-Year,2023-06-13,912810TR9,29-Year 11-Month,30-Year,10929,Yes,2023-06-08,2023-06-15,18000000000,YES,YES,,2023-06-05,2023-06-12,2023-06-13,2023-06-21,5254,2023,24,2023-06,NO,0,YES,-1,0,1,0,0,1,1,0,0,0
PRIMARY,TLT,30-Year,2023-07-13,912810TR9,29-Year 10-Month,30-Year,10899,Yes,2023-07-06,2023-07-17,18000000000,YES,YES,,2023-07-05,2023-07-12,2023-07-13,2023-07-20,5274,2023,28,2023-07,NO,0,YES,-1,0,1,0,0,1,1,0,1,0
PRIMARY,TLT,30-Year,2023-08-10,912810TT5,30-Year,30-Year,10963,No,2023-08-02,2023-08-15,23000000000,YES,YES,,2023-08-02,2023-08-09,2023-08-10,2023-08-17,5294,2023,32,2023-08,NO,0,NO,0,0,1,0,0,1,0,0,0,0
PRIMARY,TLT,30-Year,2023-09-13,912810TT5,29-Year 11-Month,30-Year,10929,Yes,2023-09-07,2023-09-15,20000000000,YES,YES,,2023-09-05,2023-09-12,2023-09-13,2023-09-20,5317,2023,37,2023-09,NO,0,YES,-1,0,1,0,0,1,1,0,0,0
PRIMARY,TLT,30-Year,2023-10-12,912810TT5,29-Year 10-Month,30-Year,10900,Yes,2023-10-05,2023-10-16,20000000000,YES,YES,,2023-10-04,2023-10-11,2023-10-12,2023-10-19,5338,2023,41,2023-10,NO,0,YES,-1,0,1,0,0,1,1,0,1,0
PRIMARY,TLT,30-Year,2023-11-09,912810TV0,30-Year,30-Year,10964,No,2023-11-01,2023-11-15,24000000000,YES,YES,,2023-11-01,2023-11-08,2023-11-09,2023-11-16,5358,2023,45,2023-11,NO,0,NO,0,0,1,0,0,1,0,0,0,0
PRIMARY,TLT,30-Year,2023-12-12,912810TV0,29-Year 11-Month,30-Year,10931,Yes,2023-12-07,2023-12-15,21000000000,YES,YES,,2023-12-04,2023-12-11,2023-12-12,2023-12-19,5380,2023,50,2023-12,NO,0,YES,-1,0,1,0,0,1,0,0,0,0
PRIMARY,TLT,30-Year,2024-01-11,912810TV0,29-Year 10-Month,30-Year,10901,Yes,2024-01-04,2024-01-16,21000000000,YES,YES,,2024-01-03,2024-01-10,2024-01-11,2024-01-19,5400,2024,2,2024-01,NO,0,YES,-1,0,1,0,0,1,1,0,1,0
PRIMARY,TLT,30-Year,2024-02-08,912810TX6,30-Year,30-Year,10965,No,2024-01-31,2024-02-15,25000000000,YES,YES,,2024-01-31,2024-02-07,2024-02-08,2024-02-15,5419,2024,6,2024-02,NO,0,NO,0,0,1,0,0,1,0,0,0,0
PRIMARY,TLT,30-Year,2024-03-13,912810TX6,29-Year 11-Month,30-Year,10931,Yes,2024-03-07,2024-03-15,22000000000,YES,YES,,2024-03-05,2024-03-12,2024-03-13,2024-03-20,5442,2024,11,2024-03,NO,0,YES,-1,0,1,0,0,1,1,0,0,0
PRIMARY,TLT,30-Year,2024-04-11,912810TX6,29-Year 10-Month,30-Year,10902,Yes,2024-04-04,2024-04-15,22000000000,YES,YES,,2024-04-03,2024-04-10,2024-04-11,2024-04-18,5462,2024,15,2024-04,NO,0,YES,-1,0,1,0,0,1,1,0,1,0
PRIMARY,TLT,30-Year,2024-05-09,912810UA4,30-Year,30-Year,10963,No,2024-05-01,2024-05-15,25000000000,YES,YES,,2024-05-01,2024-05-08,2024-05-09,2024-05-16,5482,2024,19,2024-05,NO,0,NO,0,0,1,0,0,1,0,0,0,0
PRIMARY,TLT,30-Year,2024-06-13,912810UA4,29-Year 11-Month,30-Year,10928,Yes,2024-06-06,2024-06-17,22000000000,YES,YES,,2024-06-05,2024-06-12,2024-06-13,2024-06-21,5506,2024,24,2024-06,NO,0,YES,-1,0,1,0,0,1,1,0,1,0
PRIMARY,TLT,30-Year,2024-07-11,912810UA4,29-Year 10-Month,30-Year,10900,Yes,2024-07-03,2024-07-15,22000000000,YES,YES,,2024-07-02,2024-07-10,2024-07-11,2024-07-18,5524,2024,28,2024-07,NO,0,YES,-1,0,1,0,0,1,1,0,1,0
PRIMARY,TLT,30-Year,2024-08-08,912810UC0,30-Year,30-Year,10964,No,2024-07-31,2024-08-15,25000000000,YES,YES,,2024-07-31,2024-08-07,2024-08-08,2024-08-15,5544,2024,32,2024-08,NO,0,NO,0,0,1,0,0,1,0,0,0,0
PRIMARY,TLT,30-Year,2024-09-12,912810UC0,29-Year 11-Month,30-Year,10929,Yes,2024-09-05,2024-09-16,22000000000,YES,YES,,2024-09-04,2024-09-11,2024-09-12,2024-09-19,5568,2024,37,2024-09,NO,0,YES,-1,0,1,0,0,1,1,0,1,0
PRIMARY,TLT,30-Year,2024-10-10,912810UC0,29-Year 10-Month,30-Year,10901,Yes,2024-10-03,2024-10-15,22000000000,YES,YES,,2024-10-02,2024-10-09,2024-10-10,2024-10-17,5588,2024,41,2024-10,NO,0,YES,-1,0,1,0,0,1,0,0,0,0
PRIMARY,TLT,30-Year,2024-11-06,912810UE6,30-Year,30-Year,10966,No,2024-10-30,2024-11-15,25000000000,YES,YES,,2024-10-29,2024-11-05,2024-11-06,2024-11-13,5607,2024,45,2024-11,YES,-1,YES,-1,0,1,0,0,1,0,0,0,0
PRIMARY,TLT,30-Year,2024-12-12,912810UE6,29-Year 11-Month,30-Year,10930,Yes,2024-12-05,2024-12-16,22000000000,YES,YES,,2024-12-04,2024-12-11,2024-12-12,2024-12-19,5632,2024,50,2024-12,NO,0,YES,-1,0,1,0,0,1,1,0,1,0
PRIMARY,TLT,30-Year,2025-01-08,912810UE6,29-Year 10-Month,30-Year,10903,Yes,2025-01-02,2025-01-15,22000000000,YES,YES,,2024-12-30,2025-01-07,2025-01-08,2025-01-16,5649,2025,2,2025-01,NO,0,YES,-1,0,1,0,0,1,0,0,0,0
PRIMARY,TLT,30-Year,2025-02-13,912810UG1,30-Year,30-Year,10959,No,2025-02-05,2025-02-18,25000000000,YES,YES,,2025-02-05,2025-02-12,2025-02-13,2025-02-21,5673,2025,7,2025-02,NO,0,NO,0,0,1,0,0,1,1,0,1,0
PRIMARY,TLT,30-Year,2025-03-13,912810UG1,29-Year 11-Month,30-Year,10931,Yes,2025-03-06,2025-03-17,22000000000,YES,YES,,2025-03-05,2025-03-12,2025-03-13,2025-03-20,5692,2025,11,2025-03,NO,0,YES,-1,0,1,0,0,1,1,0,1,0
PRIMARY,TLT,30-Year,2025-04-10,912810UG1,29-Year 10-Month,30-Year,10903,Yes,2025-04-03,2025-04-15,22000000000,YES,YES,,2025-04-02,2025-04-09,2025-04-10,2025-04-17,5712,2025,15,2025-04,NO,0,YES,-1,0,1,0,0,1,1,0,1,0
PRIMARY,TLT,30-Year,2025-05-08,912810UK2,30-Year,30-Year,10964,No,2025-04-30,2025-05-15,25000000000,YES,YES,,2025-04-30,2025-05-07,2025-05-08,2025-05-15,5731,2025,19,2025-05,NO,0,NO,0,0,1,0,0,1,0,0,0,0
PRIMARY,TLT,30-Year,2025-06-12,912810UK2,29-Year 11-Month,30-Year,10929,Yes,2025-06-05,2025-06-16,22000000000,YES,YES,,2025-06-04,2025-06-11,2025-06-12,2025-06-20,5755,2025,24,2025-06,NO,0,YES,-1,0,1,0,0,1,1,0,1,0
PRIMARY,TLT,30-Year,2025-07-10,912810UK2,29-Year 10-Month,30-Year,10901,Yes,2025-07-03,2025-07-15,22000000000,YES,YES,,2025-07-01,2025-07-09,2025-07-10,2025-07-17,5773,2025,28,2025-07,NO,0,YES,-1,0,1,0,0,1,0,0,0,0
PRIMARY,TLT,30-Year,2025-08-07,912810UM8,30-Year,30-Year,10965,No,2025-07-30,2025-08-15,25000000000,YES,YES,,2025-07-30,2025-08-06,2025-08-07,2025-08-14,5793,2025,32,2025-08,NO,0,NO,0,0,1,0,0,1,0,0,0,0
PRIMARY,TLT,30-Year,2025-09-11,912810UM8,29-Year 11-Month,30-Year,10930,Yes,2025-09-04,2025-09-15,22000000000,YES,YES,,2025-09-03,2025-09-10,2025-09-11,2025-09-18,5817,2025,37,2025-09,NO,0,YES,-1,0,1,0,0,1,1,0,1,0
PRIMARY,TLT,30-Year,2025-10-09,912810UM8,29-Year 10-Month,30-Year,10902,Yes,2025-10-02,2025-10-15,22000000000,YES,YES,,2025-10-01,2025-10-08,2025-10-09,2025-10-16,5837,2025,41,2025-10,NO,0,YES,-1,0,1,0,0,1,0,0,0,0
PRIMARY,TLT,30-Year,2025-11-13,912810UP1,30-Year,30-Year,10959,No,2025-11-05,2025-11-17,25000000000,YES,YES,,2025-11-05,2025-11-12,2025-11-13,2025-11-20,5862,2025,46,2025-11,NO,0,NO,0,0,1,0,0,1,1,0,1,0
PRIMARY,TLT,30-Year,2025-12-11,912810UP1,29-Year 11-Month,30-Year,10931,Yes,2025-12-04,2025-12-15,22000000000,YES,YES,,2025-12-03,2025-12-10,2025-12-11,2025-12-18,5881,2025,50,2025-12,NO,0,YES,-1,0,1,0,0,1,1,0,1,0
PRIMARY,TLT,30-Year,2026-01-13,912810UP1,29-Year 10-Month,30-Year,10898,Yes,2026-01-08,2026-01-15,22000000000,YES,YES,,2026-01-05,2026-01-12,2026-01-13,2026-01-21,5902,2026,3,2026-01,NO,0,YES,-1,0,1,0,0,1,1,0,0,0
PRIMARY,TLT,30-Year,2026-02-12,912810UR7,30-Year,30-Year,10960,No,2026-02-04,2026-02-17,25000000000,YES,YES,,2026-02-04,2026-02-11,2026-02-12,2026-02-20,5923,2026,7,2026-02,NO,0,NO,0,0,1,0,0,1,1,0,1,0
PRIMARY,TLT,30-Year,2026-03-12,912810UR7,29-Year 11-Month,30-Year,10932,Yes,2026-03-05,2026-03-16,22000000000,YES,YES,,2026-03-04,2026-03-11,2026-03-12,2026-03-19,5942,2026,11,2026-03,NO,0,YES,-1,0,1,0,0,1,1,0,1,0
PRIMARY,TLT,30-Year,2026-04-09,912810UR7,29-Year 10-Month,30-Year,10904,Yes,2026-04-02,2026-04-15,22000000000,YES,YES,,2026-03-31,2026-04-08,2026-04-09,2026-04-16,5961,2026,15,2026-04,NO,0,YES,-1,0,1,0,0,1,0,0,0,0
PRIMARY,TLT,30-Year,2026-05-13,912810UU0,30-Year,30-Year,10960,No,2026-05-06,2026-05-15,25000000000,YES,YES,,2026-05-05,2026-05-12,2026-05-13,2026-05-20,5985,2026,20,2026-05,YES,-1,YES,-1,0,1,0,0,1,1,0,0,0
PRIMARY,TLT,30-Year,2026-06-11,912810UU0,29-Year 11-Month,30-Year,10931,Yes,2026-06-04,2026-06-15,22000000000,YES,NO,WINDOW_AFTER_PANEL_END,,,,,6005,2026,24,2026-06,,,,,,,,,,,,,
SECONDARY,IEF,10-Year,1990-02-07,912827YN6,10-Year,10-Year,3660,No,1990-01-31,1990-02-15,10000000000,NO,NO,T0_NOT_ON_GRID,,,,,,1990,6,1990-02,,,,,,,,,,,,,
SECONDARY,IEF,10-Year,1990-05-09,912827YW6,10-Year,10-Year,3659,No,1990-05-02,1990-05-15,10000000000,NO,NO,T0_NOT_ON_GRID,,,,,,1990,19,1990-05,,,,,,,,,,,,,
SECONDARY,IEF,10-Year,1990-08-08,912827ZE5,10-Year,10-Year,3660,No,1990-08-01,1990-08-15,10500000000,NO,NO,T0_NOT_ON_GRID,,,,,,1990,32,1990-08,,,,,,,,,,,,,
SECONDARY,IEF,10-Year,1990-11-07,912827ZN5,10-Year,10-Year,3661,No,1990-10-31,1990-11-15,11000000000,NO,NO,T0_NOT_ON_GRID,,,,,,1990,45,1990-11,,,,,,,,,,,,,
SECONDARY,IEF,10-Year,1991-02-06,912827ZX3,10-Year,10-Year,3662,No,1991-01-30,1991-02-15,11000000000,NO,NO,T0_NOT_ON_GRID,,,,,,1991,6,1991-02,,,,,,,,,,,,,
SECONDARY,IEF,10-Year,1991-05-08,912827A85,10-Year,10-Year,3660,No,1991-05-01,1991-05-15,11750000000,NO,NO,T0_NOT_ON_GRID,,,,,,1991,19,1991-05,,,,,,,,,,,,,
SECONDARY,IEF,10-Year,1991-08-07,912827B92,10-Year,10-Year,3661,No,1991-07-31,1991-08-15,12000000000,NO,NO,T0_NOT_ON_GRID,,,,,,1991,32,1991-08,,,,,,,,,,,,,
SECONDARY,IEF,10-Year,1991-11-06,912827D25,10-Year,10-Year,3662,No,1991-10-30,1991-11-15,12000000000,NO,NO,T0_NOT_ON_GRID,,,,,,1991,45,1991-11,,,,,,,,,,,,,
SECONDARY,IEF,10-Year,1992-02-12,912827D25,9-Year 9-Month,10-Year,3564,Yes,1992-02-05,1992-02-18,11000000000,NO,NO,T0_NOT_ON_GRID,,,,,,1992,7,1992-02,,,,,,,,,,,,,
SECONDARY,IEF,10-Year,1992-05-06,912827F49,10-Year,10-Year,3661,No,1992-04-29,1992-05-15,11000000000,NO,NO,T0_NOT_ON_GRID,,,,,,1992,19,1992-05,,,,,,,,,,,,,
SECONDARY,IEF,10-Year,1992-08-12,912827G55,10-Year,10-Year,3655,No,1992-08-05,1992-08-17,11000000000,NO,NO,T0_NOT_ON_GRID,,,,,,1992,33,1992-08,,,,,,,,,,,,,
SECONDARY,IEF,10-Year,1992-11-10,912827G55,9-Year 9-Month,10-Year,3565,Yes,1992-11-03,1992-11-16,11250000000,NO,NO,T0_NOT_ON_GRID,,,,,,1992,46,1992-11,,,,,,,,,,,,,
SECONDARY,IEF,10-Year,1993-02-10,912827J78,10-Year,10-Year,3657,No,1993-02-03,1993-02-16,10750000000,NO,NO,T0_NOT_ON_GRID,,,,,,1993,6,1993-02,,,,,,,,,,,,,
SECONDARY,IEF,10-Year,1993-05-12,912827J78,9-Year 9-Month,10-Year,3566,Yes,1993-05-05,1993-05-17,10750000000,NO,NO,T0_NOT_ON_GRID,,,,,,1993,19,1993-05,,,,,,,,,,,,,
SECONDARY,IEF,10-Year,1993-08-11,912827L83,10-Year,10-Year,3656,No,1993-08-04,1993-08-16,11000000000,NO,NO,T0_NOT_ON_GRID,,,,,,1993,32,1993-08,,,,,,,,,,,,,
SECONDARY,IEF,10-Year,1993-11-10,912827L83,9-Year 9-Month,10-Year,3565,Yes,1993-11-03,1993-11-15,12000000000,NO,NO,T0_NOT_ON_GRID,,,,,,1993,45,1993-11,,,,,,,,,,,,,
SECONDARY,IEF,10-Year,1994-02-09,912827N81,10-Year,10-Year,3658,No,1994-02-02,1994-02-15,12000000000,NO,NO,T0_NOT_ON_GRID,,,,,,1994,6,1994-02,,,,,,,,,,,,,
SECONDARY,IEF,10-Year,1994-05-11,912827P89,10-Year,10-Year,3657,No,1994-05-04,1994-05-16,12000000000,NO,NO,T0_NOT_ON_GRID,,,,,,1994,19,1994-05,,,,,,,,,,,,,
SECONDARY,IEF,10-Year,1994-08-10,912827Q88,10-Year,10-Year,3658,No,1994-08-03,1994-08-15,12000000000,NO,NO,T0_NOT_ON_GRID,,,,,,1994,32,1994-08,,,,,,,,,,,,,
SECONDARY,IEF,10-Year,1994-11-09,912827R87,10-Year,10-Year,3659,No,1994-11-02,1994-11-15,12000000000,NO,NO,T0_NOT_ON_GRID,,,,,,1994,45,1994-11,,,,,,,,,,,,,
SECONDARY,IEF,10-Year,1995-02-08,912827S86,10-Year,10-Year,3660,No,1995-02-01,1995-02-15,12000000000,NO,NO,T0_NOT_ON_GRID,,,,,,1995,6,1995-02,,,,,,,,,,,,,
SECONDARY,IEF,10-Year,1995-05-10,912827T85,10-Year,10-Year,3658,No,1995-05-03,1995-05-15,12500000000,NO,NO,T0_NOT_ON_GRID,,,,,,1995,19,1995-05,,,,,,,,,,,,,
SECONDARY,IEF,10-Year,1995-08-09,912827U83,10-Year,10-Year,3659,No,1995-08-02,1995-08-15,13000000000,NO,NO,T0_NOT_ON_GRID,,,,,,1995,32,1995-08,,,,,,,,,,,,,
SECONDARY,IEF,10-Year,1995-11-21,912827V82,10-Year,10-Year,3647,No,1995-11-13,1995-11-24,13500000000,NO,NO,T0_NOT_ON_GRID,,,,,,1995,47,1995-11,,,,,,,,,,,,,
SECONDARY,IEF,10-Year,1996-02-07,912827W81,10-Year,10-Year,3661,No,1996-01-31,1996-02-15,14000000000,NO,NO,T0_NOT_ON_GRID,,,,,,1996,6,1996-02,,,,,,,,,,,,,
SECONDARY,IEF,10-Year,1996-05-08,912827X80,10-Year,10-Year,3659,No,1996-05-01,1996-05-15,14000000000,NO,NO,T0_NOT_ON_GRID,,,,,,1996,19,1996-05,,,,,,,,,,,,,
SECONDARY,IEF,10-Year,1996-07-09,912827Y55,10-Year,10-Year,3658,No,1996-07-03,1996-07-15,10000000000,NO,NO,T0_NOT_ON_GRID,,,,,,1996,28,1996-07,,,,,,,,,,,,,
SECONDARY,IEF,10-Year,1996-08-07,912827Y55,9-Year 11-Month,10-Year,3629,Yes,1996-07-31,1996-08-15,10000000000,NO,NO,T0_NOT_ON_GRID,,,,,,1996,32,1996-08,,,,,,,,,,,,,
SECONDARY,IEF,10-Year,1996-10-08,912827Z62,10-Year,10-Year,3659,No,1996-10-02,1996-10-15,10000000000,NO,NO,T0_NOT_ON_GRID,,,,,,1996,41,1996-10,,,,,,,,,,,,,
SECONDARY,IEF,10-Year,1996-11-06,912827Z62,9-Year 11-Month,10-Year,3630,Yes,1996-10-30,1996-11-15,10000000000,NO,NO,T0_NOT_ON_GRID,,,,,,1996,45,1996-11,,,,,,,,,,,,,
SECONDARY,IEF,10-Year,1997-02-12,9128272J0,10-Year,10-Year,3655,No,1997-02-05,1997-02-18,12000000000,NO,NO,T0_NOT_ON_GRID,,,,,,1997,7,1997-02,,,,,,,,,,,,,
SECONDARY,IEF,10-Year,1997-05-07,9128272U5,10-Year,10-Year,3660,No,1997-04-30,1997-05-15,12000000000,NO,NO,T0_NOT_ON_GRID,,,,,,1997,19,1997-05,,,,,,,,,,,,,
SECONDARY,IEF,10-Year,1997-08-06,9128273E0,10-Year,10-Year,3661,No,1997-07-30,1997-08-15,12000000000,NO,NO,T0_NOT_ON_GRID,,,,,,1997,32,1997-08,,,,,,,,,,,,,
SECONDARY,IEF,10-Year,1997-11-05,9128273E0,9-Year 9-Month,10-Year,3570,Yes,1997-10-29,1997-11-17,11000000000,NO,NO,T0_NOT_ON_GRID,,,,,,1997,45,1997-11,,,,,,,,,,,,,
SECONDARY,IEF,10-Year,1998-02-11,9128273X8,10-Year,10-Year,3656,No,1998-02-04,1998-02-17,12000000000,NO,NO,T0_NOT_ON_GRID,,,,,,1998,7,1998-02,,,,,,,,,,,,,
SECONDARY,IEF,10-Year,1998-05-13,9128274F6,10-Year,10-Year,3655,No,1998-05-06,1998-05-15,12000000000,NO,NO,T0_NOT_ON_GRID,,,,,,1998,20,1998-05,,,,,,,,,,,,,
SECONDARY,IEF,10-Year,1998-08-12,9128274F6,9-Year 9-Month,10-Year,3564,Yes,1998-08-05,1998-08-17,11000000000,NO,NO,T0_NOT_ON_GRID,,,,,,1998,33,1998-08,,,,,,,,,,,,,
SECONDARY,IEF,10-Year,1998-11-04,9128274V1,10-Year,10-Year,3664,No,1998-10-28,1998-11-16,12000000000,NO,NO,T0_NOT_ON_GRID,,,,,,1998,45,1998-11,,,,,,,,,,,,,
SECONDARY,IEF,10-Year,1999-02-10,9128274V1,9-Year 9-Month,10-Year,3566,Yes,1999-02-03,1999-02-16,10000000000,NO,NO,T0_NOT_ON_GRID,,,,,,1999,6,1999-02,,,,,,,,,,,,,
SECONDARY,IEF,10-Year,1999-05-12,9128275G3,10-Year,10-Year,3656,No,1999-05-05,1999-05-17,12000000000,NO,NO,T0_NOT_ON_GRID,,,,,,1999,19,1999-05,,,,,,,,,,,,,
SECONDARY,IEF,10-Year,1999-08-11,9128275N8,10-Year,10-Year,3657,No,1999-08-04,1999-08-16,12000000000,NO,NO,T0_NOT_ON_GRID,,,,,,1999,32,1999-08,,,,,,,,,,,,,
SECONDARY,IEF,10-Year,1999-11-10,9128275N8,9-Year 9-Month,10-Year,3566,Yes,1999-11-03,1999-11-15,10000000000,NO,NO,T0_NOT_ON_GRID,,,,,,1999,45,1999-11,,,,,,,,,,,,,
SECONDARY,IEF,10-Year,2000-02-09,9128275Z1,10-Year,10-Year,3659,No,2000-02-02,2000-02-15,10000000000,NO,NO,T0_NOT_ON_GRID,,,,,,2000,6,2000-02,,,,,,,,,,,,,
SECONDARY,IEF,10-Year,2000-05-10,9128275Z1,9-Year 9-Month,10-Year,3568,Yes,2000-05-03,2000-05-15,8000000000,NO,NO,T0_NOT_ON_GRID,,,,,,2000,19,2000-05,,,,,,,,,,,,,
SECONDARY,IEF,10-Year,2000-08-09,9128276J6,10-Year,10-Year,3658,No,2000-08-02,2000-08-15,10000000000,NO,NO,T0_NOT_ON_GRID,,,,,,2000,32,2000-08,,,,,,,,,,,,,
SECONDARY,IEF,10-Year,2000-11-08,9128276J6,9-Year 9-Month,10-Year,3567,Yes,2000-11-01,2000-11-15,8000000000,NO,NO,T0_NOT_ON_GRID,,,,,,2000,45,2000-11,,,,,,,,,,,,,
SECONDARY,IEF,10-Year,2001-02-07,9128276T4,10-Year,10-Year,3660,No,2001-01-31,2001-02-15,11000000000,NO,NO,T0_NOT_ON_GRID,,,,,,2001,6,2001-02,,,,,,,,,,,,,
SECONDARY,IEF,10-Year,2001-05-09,9128276T4,9-Year 9-Month,10-Year,3569,Yes,2001-05-02,2001-05-15,9000000000,NO,NO,T0_NOT_ON_GRID,,,,,,2001,19,2001-05,,,,,,,,,,,,,
SECONDARY,IEF,10-Year,2001-08-08,9128277B2,10-Year,10-Year,3659,No,2001-08-01,2001-08-15,11000000000,NO,NO,T0_NOT_ON_GRID,,,,,,2001,32,2001-08,,,,,,,,,,,,,
SECONDARY,IEF,10-Year,2001-10-04,9128277B2,9-Year 10-Month,10-Year,3602,Yes,2001-10-04,2001-10-05,6000000000,NO,NO,T0_NOT_ON_GRID,,,,,,2001,40,2001-10,,,,,,,,,,,,,
SECONDARY,IEF,10-Year,2001-11-07,9128277B2,9-Year 9-Month,10-Year,3568,Yes,2001-10-31,2001-11-15,7000000000,NO,NO,T0_NOT_ON_GRID,,,,,,2001,45,2001-11,,,,,,,,,,,,,
SECONDARY,IEF,10-Year,2002-02-06,9128277L0,10-Year,10-Year,3661,No,2002-01-30,2002-02-15,13000000000,NO,NO,T0_NOT_ON_GRID,,,,,,2002,6,2002-02,,,,,,,,,,,,,
SECONDARY,IEF,10-Year,2002-05-08,9128277L0,9-Year 9-Month,10-Year,3570,Yes,2002-05-01,2002-05-15,11000000000,NO,NO,T0_NOT_ON_GRID,,,,,,2002,19,2002-05,,,,,,,,,,,,,
SECONDARY,IEF,10-Year,2002-08-07,912828AJ9,10-Year,10-Year,3661,No,2002-07-31,2002-08-15,18000000000,YES,YES,,2002-07-30,2002-08-06,2002-08-07,2002-08-14,6,2002,32,2002-08,YES,-1,YES,-1,0,0,1,0,0,0,0,0,0
SECONDARY,IEF,10-Year,2002-11-06,912828AP5,10-Year,10-Year,3662,No,2002-10-30,2002-11-15,18000000000,YES,YES,,2002-10-29,2002-11-05,2002-11-06,2002-11-13,70,2002,45,2002-11,YES,-1,YES,-1,0,0,1,0,0,0,0,0,0
SECONDARY,IEF,10-Year,2003-02-12,912828AU4,10-Year,10-Year,3656,No,2003-02-05,2003-02-18,18000000000,YES,YES,,2003-02-04,2003-02-11,2003-02-12,2003-02-20,136,2003,7,2003-02,YES,-1,YES,-1,0,0,1,0,0,0,0,0,0
SECONDARY,IEF,10-Year,2003-05-08,912828BA7,10-Year,10-Year,3660,No,2003-04-30,2003-05-15,18000000000,YES,YES,,2003-04-30,2003-05-07,2003-05-08,2003-05-15,195,2003,19,2003-05,NO,0,NO,0,0,1,1,0,0,0,0,0,0
SECONDARY,IEF,10-Year,2003-08-07,912828BH2,10-Year,10-Year,3661,No,2003-07-30,2003-08-15,18000000000,YES,YES,,2003-07-30,2003-08-06,2003-08-07,2003-08-14,258,2003,32,2003-08,NO,0,NO,0,0,1,1,0,0,0,0,0,0
SECONDARY,IEF,10-Year,2003-09-11,912828BH2,9-Year 11-Month,10-Year,3626,Yes,2003-09-08,2003-09-15,13000000000,YES,YES,,2003-09-03,2003-09-10,2003-09-11,2003-09-18,282,2003,37,2003-09,NO,0,YES,-1,0,0,1,0,0,0,0,0,0
SECONDARY,IEF,10-Year,2003-11-13,912828BR0,10-Year,10-Year,3655,No,2003-11-05,2003-11-17,17000000000,YES,YES,,2003-11-05,2003-11-12,2003-11-13,2003-11-20,327,2003,46,2003-11,NO,0,NO,0,0,1,1,0,0,0,0,0,0
SECONDARY,IEF,10-Year,2003-12-11,912828BR0,9-Year 11-Month,10-Year,3627,Yes,2003-12-08,2003-12-15,12000000000,YES,YES,,2003-12-03,2003-12-10,2003-12-11,2003-12-18,346,2003,50,2003-12,NO,0,YES,-1,0,0,1,0,0,0,0,0,0
SECONDARY,IEF,10-Year,2004-02-12,912828CA6,10-Year,10-Year,3656,No,2004-02-04,2004-02-17,16000000000,YES,YES,,2004-02-04,2004-02-11,2004-02-12,2004-02-20,388,2004,7,2004-02,NO,0,NO,0,0,1,1,0,0,0,0,0,0
SECONDARY,IEF,10-Year,2004-03-11,912828CA6,9-Year 11-Month,10-Year,3628,Yes,2004-03-08,2004-03-15,11000000000,YES,YES,,2004-03-03,2004-03-10,2004-03-11,2004-03-18,407,2004,11,2004-03,NO,0,YES,-1,0,0,1,0,0,0,0,0,0
SECONDARY,IEF,10-Year,2004-05-13,912828CJ7,10-Year,10-Year,3654,No,2004-05-05,2004-05-17,15000000000,YES,YES,,2004-05-05,2004-05-12,2004-05-13,2004-05-20,451,2004,20,2004-05,NO,0,NO,0,0,1,1,0,0,0,0,0,0
SECONDARY,IEF,10-Year,2004-06-10,912828CJ7,9-Year 11-Month,10-Year,3626,Yes,2004-06-07,2004-06-15,10000000000,YES,YES,,2004-06-02,2004-06-09,2004-06-10,2004-06-18,470,2004,24,2004-06,NO,0,YES,-1,0,0,1,0,0,0,0,0,0
SECONDARY,IEF,10-Year,2004-08-12,912828CT5,10-Year,10-Year,3655,No,2004-08-04,2004-08-16,14000000000,YES,YES,,2004-08-04,2004-08-11,2004-08-12,2004-08-19,513,2004,33,2004-08,NO,0,NO,0,0,1,1,0,0,0,0,0,0
SECONDARY,IEF,10-Year,2004-09-09,912828CT5,9-Year 11-Month,10-Year,3627,Yes,2004-09-02,2004-09-15,9000000000,YES,YES,,2004-08-31,2004-09-08,2004-09-09,2004-09-16,532,2004,37,2004-09,NO,0,YES,-1,0,0,1,0,0,0,0,0,0
SECONDARY,IEF,10-Year,2004-11-10,912828DC1,10-Year,10-Year,3657,No,2004-11-03,2004-11-15,14000000000,YES,YES,,2004-11-02,2004-11-09,2004-11-10,2004-11-17,576,2004,46,2004-11,YES,-1,YES,-1,0,0,2,0,0,0,0,0,0
SECONDARY,IEF,10-Year,2004-12-09,912828DC1,9-Year 11-Month,10-Year,3628,Yes,2004-12-06,2004-12-15,9000000000,YES,YES,,2004-12-01,2004-12-08,2004-12-09,2004-12-16,596,2004,50,2004-12,NO,0,YES,-1,0,0,1,0,0,0,0,0,0
SECONDARY,IEF,10-Year,2005-02-10,912828DM9,10-Year,10-Year,3657,No,2005-02-02,2005-02-15,14000000000,YES,YES,,2005-02-02,2005-02-09,2005-02-10,2005-02-17,639,2005,6,2005-02,NO,0,NO,0,0,1,1,0,0,0,0,0,0
SECONDARY,IEF,10-Year,2005-03-10,912828DM9,9-Year 11-Month,10-Year,3629,Yes,2005-03-07,2005-03-15,9000000000,YES,YES,,2005-03-02,2005-03-09,2005-03-10,2005-03-17,658,2005,10,2005-03,NO,0,YES,-1,0,0,1,0,0,0,0,0,0
SECONDARY,IEF,10-Year,2005-05-12,912828DV9,10-Year,10-Year,3655,No,2005-05-04,2005-05-16,14000000000,YES,YES,,2005-05-04,2005-05-11,2005-05-12,2005-05-19,702,2005,19,2005-05,NO,0,NO,0,0,1,1,0,0,0,0,0,0
SECONDARY,IEF,10-Year,2005-06-09,912828DV9,9-Year 11-Month,10-Year,3627,Yes,2005-06-06,2005-06-15,8000000000,YES,YES,,2005-06-01,2005-06-08,2005-06-09,2005-06-16,721,2005,23,2005-06,NO,0,YES,-1,0,0,1,0,0,0,0,0,0
SECONDARY,IEF,10-Year,2005-08-11,912828EE6,10-Year,10-Year,3656,No,2005-08-03,2005-08-15,13000000000,YES,YES,,2005-08-03,2005-08-10,2005-08-11,2005-08-18,765,2005,32,2005-08,NO,0,NO,0,0,1,1,0,0,0,0,0,0
SECONDARY,IEF,10-Year,2005-09-08,912828EE6,9-Year 11-Month,10-Year,3628,Yes,2005-09-06,2005-09-15,8000000000,YES,YES,,2005-08-30,2005-09-07,2005-09-08,2005-09-15,784,2005,36,2005-09,NO,0,YES,-1,0,0,1,0,0,0,0,0,0
SECONDARY,IEF,10-Year,2005-11-10,912828EN6,10-Year,10-Year,3657,No,2005-11-02,2005-11-15,13000000000,YES,YES,,2005-11-02,2005-11-09,2005-11-10,2005-11-17,829,2005,45,2005-11,NO,0,NO,0,0,1,1,0,0,0,0,0,0
SECONDARY,IEF,10-Year,2005-12-08,912828EN6,9-Year 11-Month,10-Year,3629,Yes,2005-12-05,2005-12-15,8000000000,YES,YES,,2005-11-30,2005-12-07,2005-12-08,2005-12-15,848,2005,49,2005-12,NO,0,YES,-1,0,0,1,0,0,0,0,0,0
SECONDARY,IEF,10-Year,2006-02-08,912828EW6,10-Year,10-Year,3659,No,2006-02-01,2006-02-15,13000000000,YES,YES,,2006-01-31,2006-02-07,2006-02-08,2006-02-15,889,2006,6,2006-02,YES,-1,YES,-1,0,1,0,0,0,0,1,0,0
SECONDARY,IEF,10-Year,2006-03-09,912828EW6,9-Year 11-Month,10-Year,3630,Yes,2006-03-06,2006-03-15,8000000000,YES,YES,,2006-03-01,2006-03-08,2006-03-09,2006-03-16,909,2006,10,2006-03,NO,0,YES,-1,0,0,0,0,0,0,0,0,0
SECONDARY,IEF,10-Year,2006-05-11,912828FF2,10-Year,10-Year,3657,No,2006-05-03,2006-05-15,13000000000,YES,YES,,2006-05-03,2006-05-10,2006-05-11,2006-05-18,953,2006,19,2006-05,NO,0,NO,0,0,1,0,0,0,0,0,0,0
SECONDARY,IEF,10-Year,2006-06-08,912828FF2,9-Year 11-Month,10-Year,3629,Yes,2006-06-05,2006-06-15,8000000000,YES,YES,,2006-05-31,2006-06-07,2006-06-08,2006-06-15,972,2006,23,2006-06,NO,0,YES,-1,0,0,0,0,0,0,0,0,0
SECONDARY,IEF,10-Year,2006-08-09,912828FQ8,10-Year,10-Year,3659,No,2006-08-02,2006-08-15,13000000000,YES,YES,,2006-08-01,2006-08-08,2006-08-09,2006-08-16,1015,2006,32,2006-08,YES,-1,YES,-1,0,1,0,0,0,0,1,0,0
SECONDARY,IEF,10-Year,2006-09-12,912828FQ8,9-Year 11-Month,10-Year,3625,Yes,2006-09-07,2006-09-15,8000000000,YES,YES,,2006-09-01,2006-09-11,2006-09-12,2006-09-19,1038,2006,37,2006-09,NO,0,YES,-1,0,0,0,0,0,0,0,0,0
SECONDARY,IEF,10-Year,2006-11-09,912828FY1,10-Year,10-Year,3659,No,2006-11-01,2006-11-15,13000000000,YES,YES,,2006-11-01,2006-11-08,2006-11-09,2006-11-16,1080,2006,45,2006-11,NO,0,NO,0,0,1,0,0,0,0,0,0,0
SECONDARY,IEF,10-Year,2006-12-13,912828FY1,9-Year 11-Month,10-Year,3625,Yes,2006-12-07,2006-12-15,8000000000,YES,YES,,2006-12-05,2006-12-12,2006-12-13,2006-12-20,1103,2006,50,2006-12,NO,0,YES,-1,0,0,0,0,0,0,0,0,0
SECONDARY,IEF,10-Year,2007-02-07,912828GH7,10-Year,10-Year,3661,No,2007-01-31,2007-02-15,13000000000,YES,YES,,2007-01-30,2007-02-06,2007-02-07,2007-02-14,1139,2007,6,2007-02,YES,-1,YES,-1,0,1,0,0,0,0,1,0,0
SECONDARY,IEF,10-Year,2007-03-13,912828GH7,9-Year 11-Month,10-Year,3627,Yes,2007-03-08,2007-03-15,8000000000,YES,YES,,2007-03-05,2007-03-12,2007-03-13,2007-03-20,1162,2007,11,2007-03,NO,0,YES,-1,0,0,0,0,0,0,0,0,0
SECONDARY,IEF,10-Year,2007-05-08,912828GS3,10-Year,10-Year,3660,No,2007-05-02,2007-05-15,13000000000,YES,YES,,2007-04-30,2007-05-07,2007-05-08,2007-05-15,1201,2007,19,2007-05,YES,-1,YES,-1,0,1,0,0,0,0,1,0,0
SECONDARY,IEF,10-Year,2007-06-12,912828GS3,9-Year 11-Month,10-Year,3625,Yes,2007-06-07,2007-06-15,8000000000,YES,YES,,2007-06-04,2007-06-11,2007-06-12,2007-06-19,1225,2007,24,2007-06,NO,0,YES,-1,0,0,0,0,0,0,0,0,0
SECONDARY,IEF,10-Year,2007-08-08,912828HA1,10-Year,10-Year,3660,No,2007-08-01,2007-08-15,13000000000,YES,YES,,2007-07-31,2007-08-07,2007-08-08,2007-08-15,1265,2007,32,2007-08,YES,-1,YES,-1,0,0,0,0,0,0,0,0,0
SECONDARY,IEF,10-Year,2007-09-13,912828HA1,9-Year 11-Month,10-Year,3624,Yes,2007-09-11,2007-09-17,8000000000,YES,YES,,2007-09-05,2007-09-12,2007-09-13,2007-09-20,1290,2007,37,2007-09,NO,0,YES,-1,0,0,0,0,0,0,0,0,0
SECONDARY,IEF,10-Year,2007-11-07,912828HH6,10-Year,10-Year,3661,No,2007-10-31,2007-11-15,13000000000,YES,YES,,2007-10-30,2007-11-06,2007-11-07,2007-11-14,1329,2007,45,2007-11,YES,-1,YES,-1,0,0,0,0,0,0,0,0,0
SECONDARY,IEF,10-Year,2007-12-13,912828HH6,9-Year 11-Month,10-Year,3625,Yes,2007-12-10,2007-12-17,8000000000,YES,YES,,2007-12-05,2007-12-12,2007-12-13,2007-12-20,1354,2007,50,2007-12,NO,0,YES,-1,0,0,0,0,0,0,0,0,0
SECONDARY,IEF,10-Year,2008-02-06,912828HR4,10-Year,10-Year,3662,No,2008-01-30,2008-02-15,13000000000,YES,YES,,2008-01-29,2008-02-05,2008-02-06,2008-02-13,1390,2008,6,2008-02,YES,-1,YES,-1,0,0,0,0,0,0,1,0,0
SECONDARY,IEF,10-Year,2008-03-13,912828HR4,9-Year 11-Month,10-Year,3626,Yes,2008-03-10,2008-03-17,10000000000,YES,YES,,2008-03-05,2008-03-12,2008-03-13,2008-03-20,1415,2008,11,2008-03,NO,0,YES,-1,0,0,0,0,0,0,0,0,0
SECONDARY,IEF,10-Year,2008-05-07,912828HZ6,10-Year,10-Year,3660,No,2008-04-30,2008-05-15,15000000000,YES,YES,,2008-04-29,2008-05-06,2008-05-07,2008-05-14,1453,2008,19,2008-05,YES,-1,YES,-1,0,0,0,0,0,0,1,0,0
SECONDARY,IEF,10-Year,2008-06-12,912828HZ6,9-Year 11-Month,10-Year,3624,Yes,2008-06-09,2008-06-16,11000000000,YES,YES,,2008-06-04,2008-06-11,2008-06-12,2008-06-19,1478,2008,24,2008-06,NO,0,YES,-1,0,0,0,0,0,0,0,0,0
SECONDARY,IEF,10-Year,2008-08-06,912828JH4,10-Year,10-Year,3661,No,2008-07-30,2008-08-15,17000000000,YES,YES,,2008-07-29,2008-08-05,2008-08-06,2008-08-13,1516,2008,32,2008-08,YES,-1,YES,-1,0,0,0,0,0,0,0,0,0
SECONDARY,IEF,10-Year,2008-09-11,912828JH4,9-Year 11-Month,10-Year,3625,Yes,2008-09-08,2008-09-15,12000000000,YES,YES,,2008-09-03,2008-09-10,2008-09-11,2008-09-18,1541,2008,37,2008-09,NO,0,YES,-1,0,0,0,0,0,0,0,0,0
SECONDARY,IEF,10-Year,2008-11-12,912828JR2,10-Year,10-Year,3655,No,2008-11-05,2008-11-17,20000000000,YES,YES,,2008-11-04,2008-11-11,2008-11-12,2008-11-19,1585,2008,46,2008-11,YES,-1,YES,-1,0,1,0,0,0,0,0,0,0
SECONDARY,IEF,10-Year,2008-12-11,912828JR2,9-Year 11-Month,10-Year,3626,Yes,2008-12-08,2008-12-15,16000000000,YES,YES,,2008-12-03,2008-12-10,2008-12-11,2008-12-18,1605,2008,50,2008-12,NO,0,YES,-1,0,1,0,0,0,0,0,0,0
SECONDARY,IEF,10-Year,2009-01-08,912828JR2,9-Year 10-Month,10-Year,3598,Yes,2009-01-05,2009-01-15,16000000000,YES,YES,,2008-12-30,2009-01-07,2009-01-08,2009-01-15,1623,2009,2,2009-01,NO,0,YES,-1,0,1,0,0,0,0,0,1,0
SECONDARY,IEF,10-Year,2009-02-11,912828KD1,10-Year,10-Year,3656,No,2009-02-04,2009-02-17,21000000000,YES,YES,,2009-02-03,2009-02-10,2009-02-11,2009-02-19,1646,2009,7,2009-02,YES,-1,YES,-1,0,1,0,0,0,0,1,0,0
SECONDARY,IEF,10-Year,2009-03-11,912828KD1,9-Year 11-Month,10-Year,3628,Yes,2009-03-05,2009-03-16,18000000000,YES,YES,,2009-03-03,2009-03-10,2009-03-11,2009-03-18,1665,2009,11,2009-03,NO,0,YES,-1,0,1,0,0,0,0,1,0,0
SECONDARY,IEF,10-Year,2009-04-09,912828KD1,9-Year 10-Month,10-Year,3599,Yes,2009-04-06,2009-04-15,18000000000,YES,YES,,2009-04-01,2009-04-08,2009-04-09,2009-04-17,1686,2009,15,2009-04,NO,0,YES,-1,0,1,0,0,0,0,0,1,0
SECONDARY,IEF,10-Year,2009-05-06,912828KQ2,10-Year,10-Year,3661,No,2009-04-29,2009-05-15,22000000000,YES,YES,,2009-04-28,2009-05-05,2009-05-06,2009-05-13,1704,2009,19,2009-05,YES,-1,YES,-1,0,1,0,1,0,0,1,0,0
SECONDARY,IEF,10-Year,2009-06-10,912828KQ2,9-Year 11-Month,10-Year,3626,Yes,2009-06-04,2009-06-15,19000000000,YES,YES,,2009-06-02,2009-06-09,2009-06-10,2009-06-17,1728,2009,24,2009-06,NO,0,YES,-1,0,1,0,0,0,0,1,0,0
SECONDARY,IEF,10-Year,2009-07-08,912828KQ2,9-Year 10-Month,10-Year,3598,Yes,2009-07-02,2009-07-15,19000000000,YES,YES,,2009-06-29,2009-07-07,2009-07-08,2009-07-15,1747,2009,28,2009-07,NO,0,YES,-1,0,1,0,0,0,0,1,1,0
SECONDARY,IEF,10-Year,2009-08-12,912828LJ7,10-Year,10-Year,3655,No,2009-08-05,2009-08-17,23000000000,YES,YES,,2009-08-04,2009-08-11,2009-08-12,2009-08-19,1772,2009,33,2009-08,YES,-1,YES,-1,0,1,0,0,0,0,1,0,0
SECONDARY,IEF,10-Year,2009-09-09,912828LJ7,9-Year 11-Month,10-Year,3627,Yes,2009-09-03,2009-09-15,20000000000,YES,YES,,2009-08-31,2009-09-08,2009-09-09,2009-09-16,1791,2009,37,2009-09,NO,0,YES,-1,0,1,0,0,0,0,1,0,0
SECONDARY,IEF,10-Year,2009-10-07,912828LJ7,9-Year 10-Month,10-Year,3599,Yes,2009-10-01,2009-10-15,20000000000,YES,YES,,2009-09-29,2009-10-06,2009-10-07,2009-10-14,1811,2009,41,2009-10,NO,0,YES,-1,0,1,0,0,0,0,1,1,0
SECONDARY,IEF,10-Year,2009-11-10,912828LY4,10-Year,10-Year,3657,No,2009-11-04,2009-11-16,25000000000,YES,YES,,2009-11-02,2009-11-09,2009-11-10,2009-11-17,1835,2009,46,2009-11,YES,-1,YES,-1,0,1,0,0,0,0,1,0,0
SECONDARY,IEF,10-Year,2009-12-09,912828LY4,9-Year 11-Month,10-Year,3628,Yes,2009-12-03,2009-12-15,21000000000,YES,YES,,2009-12-01,2009-12-08,2009-12-09,2009-12-16,1855,2009,50,2009-12,NO,0,YES,-1,0,1,0,0,0,0,1,0,0
SECONDARY,IEF,10-Year,2010-01-13,912828LY4,9-Year 10-Month,10-Year,3593,Yes,2010-01-07,2010-01-15,21000000000,YES,YES,,2010-01-05,2010-01-12,2010-01-13,2010-01-21,1878,2010,2,2010-01,NO,0,YES,-1,0,1,0,0,0,0,1,1,0
SECONDARY,IEF,10-Year,2010-02-10,912828MP2,10-Year,10-Year,3657,No,2010-02-03,2010-02-16,25000000000,YES,YES,,2010-02-02,2010-02-09,2010-02-10,2010-02-18,1897,2010,6,2010-02,YES,-1,YES,-1,0,1,0,0,0,0,1,0,0
SECONDARY,IEF,10-Year,2010-03-10,912828MP2,9-Year 11-Month,10-Year,3629,Yes,2010-03-04,2010-03-15,21000000000,YES,YES,,2010-03-02,2010-03-09,2010-03-10,2010-03-17,1916,2010,10,2010-03,NO,0,YES,-1,0,1,0,0,0,0,1,0,0
SECONDARY,IEF,10-Year,2010-04-07,912828MP2,9-Year 10-Month,10-Year,3601,Yes,2010-04-01,2010-04-15,21000000000,YES,YES,,2010-03-29,2010-04-06,2010-04-07,2010-04-14,1935,2010,14,2010-04,NO,0,YES,-1,0,1,0,0,0,0,1,1,0
SECONDARY,IEF,10-Year,2010-05-12,912828ND8,10-Year,10-Year,3656,No,2010-05-05,2010-05-17,24000000000,YES,YES,,2010-05-04,2010-05-11,2010-05-12,2010-05-19,1960,2010,19,2010-05,YES,-1,YES,-1,0,1,0,0,0,0,1,0,0
SECONDARY,IEF,10-Year,2010-06-09,912828ND8,9-Year 11-Month,10-Year,3628,Yes,2010-06-03,2010-06-15,21000000000,YES,YES,,2010-06-01,2010-06-08,2010-06-09,2010-06-16,1979,2010,23,2010-06,NO,0,YES,-1,0,1,0,0,0,0,1,0,0
SECONDARY,IEF,10-Year,2010-07-13,912828ND8,9-Year 10-Month,10-Year,3594,Yes,2010-07-08,2010-07-15,21000000000,YES,YES,,2010-07-02,2010-07-12,2010-07-13,2010-07-20,2002,2010,28,2010-07,NO,0,YES,-1,0,1,0,0,0,0,1,1,0
SECONDARY,IEF,10-Year,2010-08-11,912828NT3,10-Year,10-Year,3657,No,2010-08-04,2010-08-16,24000000000,YES,YES,,2010-08-03,2010-08-10,2010-08-11,2010-08-18,2023,2010,32,2010-08,YES,-1,YES,-1,0,1,0,0,0,0,1,0,0
SECONDARY,IEF,10-Year,2010-09-08,912828NT3,9-Year 11-Month,10-Year,3629,Yes,2010-09-02,2010-09-15,21000000000,YES,YES,,2010-08-30,2010-09-07,2010-09-08,2010-09-15,2042,2010,36,2010-09,NO,0,YES,-1,0,1,0,0,0,0,1,1,0
SECONDARY,IEF,10-Year,2010-10-13,912828NT3,9-Year 10-Month,10-Year,3594,Yes,2010-10-07,2010-10-15,21000000000,YES,YES,,2010-10-05,2010-10-12,2010-10-13,2010-10-20,2067,2010,41,2010-10,NO,0,YES,-1,0,1,0,0,0,0,1,0,0
SECONDARY,IEF,10-Year,2010-11-09,912828PC8,10-Year,10-Year,3659,No,2010-11-03,2010-11-15,24000000000,YES,YES,,2010-11-01,2010-11-08,2010-11-09,2010-11-16,2086,2010,45,2010-11,YES,-1,YES,-1,0,1,0,0,0,0,1,1,0
SECONDARY,IEF,10-Year,2010-12-08,912828PC8,9-Year 11-Month,10-Year,3630,Yes,2010-12-02,2010-12-15,21000000000,YES,YES,,2010-11-30,2010-12-07,2010-12-08,2010-12-15,2106,2010,49,2010-12,NO,0,YES,-1,0,1,0,0,0,0,1,0,0
SECONDARY,IEF,10-Year,2011-01-12,912828PC8,9-Year 10-Month,10-Year,3595,Yes,2011-01-06,2011-01-18,21000000000,YES,YES,,2011-01-04,2011-01-11,2011-01-12,2011-01-20,2130,2011,2,2011-01,NO,0,YES,-1,0,1,0,0,0,0,1,1,0
SECONDARY,IEF,10-Year,2011-02-09,912828PX2,10-Year,10-Year,3659,No,2011-02-02,2011-02-15,24000000000,YES,YES,,2011-02-01,2011-02-08,2011-02-09,2011-02-16,2149,2011,6,2011-02,YES,-1,YES,-1,0,1,0,0,0,0,1,0,0
SECONDARY,IEF,10-Year,2011-03-09,912828PX2,9-Year 11-Month,10-Year,3631,Yes,2011-03-03,2011-03-15,21000000000,YES,YES,,2011-03-01,2011-03-08,2011-03-09,2011-03-16,2168,2011,10,2011-03,NO,0,YES,-1,0,1,0,0,0,0,1,0,0
SECONDARY,IEF,10-Year,2011-04-13,912828PX2,9-Year 10-Month,10-Year,3596,Yes,2011-04-07,2011-04-15,21000000000,YES,YES,,2011-04-05,2011-04-12,2011-04-13,2011-04-20,2193,2011,15,2011-04,NO,0,YES,-1,0,1,0,0,0,0,1,0,0
SECONDARY,IEF,10-Year,2011-05-11,912828QN3,10-Year,10-Year,3657,No,2011-05-04,2011-05-16,24000000000,YES,YES,,2011-05-03,2011-05-10,2011-05-11,2011-05-18,2212,2011,19,2011-05,YES,-1,YES,-1,0,1,0,0,0,0,1,0,0
SECONDARY,IEF,10-Year,2011-06-08,912828QN3,9-Year 11-Month,10-Year,3629,Yes,2011-06-02,2011-06-15,21000000000,YES,YES,,2011-05-31,2011-06-07,2011-06-08,2011-06-15,2231,2011,23,2011-06,NO,0,YES,-1,0,1,0,0,0,0,1,0,0
SECONDARY,IEF,10-Year,2011-07-13,912828QN3,9-Year 10-Month,10-Year,3594,Yes,2011-07-07,2011-07-15,21000000000,YES,YES,,2011-07-05,2011-07-12,2011-07-13,2011-07-20,2255,2011,28,2011-07,NO,0,YES,-1,0,1,0,0,0,0,1,0,0
SECONDARY,IEF,10-Year,2011-08-10,912828RC6,10-Year,10-Year,3658,No,2011-08-03,2011-08-15,24000000000,YES,YES,,2011-08-02,2011-08-09,2011-08-10,2011-08-17,2275,2011,32,2011-08,YES,-1,YES,-1,0,1,0,0,0,0,1,0,0
SECONDARY,IEF,10-Year,2011-09-13,912828RC6,9-Year 11-Month,10-Year,3624,Yes,2011-09-08,2011-09-15,21000000000,YES,YES,,2011-09-02,2011-09-12,2011-09-13,2011-09-20,2298,2011,37,2011-09,NO,0,YES,-1,0,1,0,0,0,0,1,0,0
SECONDARY,IEF,10-Year,2011-10-12,912828RC6,9-Year 10-Month,10-Year,3595,Yes,2011-10-06,2011-10-17,21000000000,YES,YES,,2011-10-04,2011-10-11,2011-10-12,2011-10-19,2319,2011,41,2011-10,NO,0,YES,-1,0,1,0,0,0,0,1,0,0
SECONDARY,IEF,10-Year,2011-11-09,912828RR3,10-Year,10-Year,3659,No,2011-11-02,2011-11-15,24000000000,YES,YES,,2011-11-01,2011-11-08,2011-11-09,2011-11-16,2339,2011,45,2011-11,YES,-1,YES,-1,0,1,0,0,0,0,1,0,0
SECONDARY,IEF,10-Year,2011-12-13,912828RR3,9-Year 11-Month,10-Year,3625,Yes,2011-12-08,2011-12-15,21000000000,YES,YES,,2011-12-05,2011-12-12,2011-12-13,2011-12-20,2362,2011,50,2011-12,NO,0,YES,-1,1,1,1,0,0,0,1,1,0
SECONDARY,IEF,10-Year,2012-01-11,912828RR3,9-Year 10-Month,10-Year,3596,Yes,2012-01-05,2012-01-17,21000000000,YES,YES,,2012-01-03,2012-01-10,2012-01-11,2012-01-19,2381,2012,2,2012-01,NO,0,YES,-1,0,1,0,0,0,0,1,1,0
SECONDARY,IEF,10-Year,2012-02-08,912828SF8,10-Year,10-Year,3660,No,2012-02-01,2012-02-15,24000000000,YES,YES,,2012-01-31,2012-02-07,2012-02-08,2012-02-15,2400,2012,6,2012-02,YES,-1,YES,-1,0,1,0,0,0,0,1,0,0
SECONDARY,IEF,10-Year,2012-03-13,912828SF8,9-Year 11-Month,10-Year,3626,Yes,2012-03-08,2012-03-15,21000000000,YES,YES,,2012-03-05,2012-03-12,2012-03-13,2012-03-20,2423,2012,11,2012-03,NO,0,YES,-1,0,1,0,0,0,0,1,0,0
SECONDARY,IEF,10-Year,2012-04-11,912828SF8,9-Year 10-Month,10-Year,3597,Yes,2012-04-05,2012-04-16,21000000000,YES,YES,,2012-04-02,2012-04-10,2012-04-11,2012-04-18,2443,2012,15,2012-04,NO,0,YES,-1,0,1,0,0,0,0,1,0,0
SECONDARY,IEF,10-Year,2012-05-09,912828SV3,10-Year,10-Year,3658,No,2012-05-02,2012-05-15,24000000000,YES,YES,,2012-05-01,2012-05-08,2012-05-09,2012-05-16,2463,2012,19,2012-05,YES,-1,YES,-1,0,1,0,0,0,0,1,0,0
SECONDARY,IEF,10-Year,2012-06-13,912828SV3,9-Year 11-Month,10-Year,3623,Yes,2012-06-07,2012-06-15,21000000000,YES,YES,,2012-06-05,2012-06-12,2012-06-13,2012-06-20,2487,2012,24,2012-06,NO,0,YES,-1,0,1,0,0,0,0,1,0,0
SECONDARY,IEF,10-Year,2012-07-11,912828SV3,9-Year 10-Month,10-Year,3595,Yes,2012-07-05,2012-07-16,21000000000,YES,YES,,2012-07-02,2012-07-10,2012-07-11,2012-07-18,2506,2012,28,2012-07,NO,0,YES,-1,0,1,0,0,0,0,1,0,0
SECONDARY,IEF,10-Year,2012-08-08,912828TJ9,10-Year,10-Year,3659,No,2012-08-01,2012-08-15,24000000000,YES,YES,,2012-07-31,2012-08-07,2012-08-08,2012-08-15,2526,2012,32,2012-08,YES,-1,YES,-1,0,1,0,0,0,0,1,0,0
SECONDARY,IEF,10-Year,2012-09-12,912828TJ9,9-Year 11-Month,10-Year,3624,Yes,2012-09-06,2012-09-17,21000000000,YES,YES,,2012-09-04,2012-09-11,2012-09-12,2012-09-19,2550,2012,37,2012-09,NO,0,YES,-1,0,1,0,0,0,0,1,0,0
SECONDARY,IEF,10-Year,2012-10-10,912828TJ9,9-Year 10-Month,10-Year,3596,Yes,2012-10-04,2012-10-15,21000000000,YES,YES,,2012-10-02,2012-10-09,2012-10-10,2012-10-17,2570,2012,41,2012-10,NO,0,YES,-1,0,1,0,0,0,0,1,0,0
SECONDARY,IEF,10-Year,2012-11-07,912828TY6,10-Year,10-Year,3660,No,2012-10-31,2012-11-15,24000000000,YES,YES,,2012-10-26,2012-11-06,2012-11-07,2012-11-14,2588,2012,45,2012-11,YES,-1,YES,-1,0,1,0,0,0,0,1,0,0
SECONDARY,IEF,10-Year,2012-12-12,912828TY6,9-Year 11-Month,10-Year,3625,Yes,2012-12-06,2012-12-17,21000000000,YES,YES,,2012-12-04,2012-12-11,2012-12-12,2012-12-19,2612,2012,50,2012-12,NO,0,YES,-1,1,1,1,1,0,0,1,0,0
SECONDARY,IEF,10-Year,2013-01-09,912828TY6,9-Year 10-Month,10-Year,3597,Yes,2013-01-03,2013-01-15,21000000000,YES,YES,,2012-12-31,2013-01-08,2013-01-09,2013-01-16,2630,2013,2,2013-01,NO,0,YES,-1,0,1,0,0,0,0,1,0,0
SECONDARY,IEF,10-Year,2013-02-13,912828UN8,10-Year,10-Year,3654,No,2013-02-06,2013-02-15,24000000000,YES,YES,,2013-02-05,2013-02-12,2013-02-13,2013-02-21,2654,2013,7,2013-02,YES,-1,YES,-1,0,1,0,0,0,0,1,1,0
SECONDARY,IEF,10-Year,2013-03-13,912828UN8,9-Year 11-Month,10-Year,3626,Yes,2013-03-07,2013-03-15,21000000000,YES,YES,,2013-03-05,2013-03-12,2013-03-13,2013-03-20,2673,2013,11,2013-03,NO,0,YES,-1,0,1,0,0,0,0,1,0,0
SECONDARY,IEF,10-Year,2013-04-10,912828UN8,9-Year 10-Month,10-Year,3598,Yes,2013-04-04,2013-04-15,21000000000,YES,YES,,2013-04-02,2013-04-09,2013-04-10,2013-04-17,2692,2013,15,2013-04,NO,0,YES,-1,0,1,0,0,0,0,1,0,0
SECONDARY,IEF,10-Year,2013-05-08,912828VB3,10-Year,10-Year,3659,No,2013-05-01,2013-05-15,24000000000,YES,YES,,2013-04-30,2013-05-07,2013-05-08,2013-05-15,2712,2013,19,2013-05,YES,-1,YES,-1,0,1,0,0,0,0,1,0,0
SECONDARY,IEF,10-Year,2013-06-12,912828VB3,9-Year 11-Month,10-Year,3624,Yes,2013-06-06,2013-06-17,21000000000,YES,YES,,2013-06-04,2013-06-11,2013-06-12,2013-06-19,2736,2013,24,2013-06,NO,0,YES,-1,0,1,0,0,0,0,1,0,0
SECONDARY,IEF,10-Year,2013-07-10,912828VB3,9-Year 10-Month,10-Year,3596,Yes,2013-07-03,2013-07-15,21000000000,YES,YES,,2013-07-01,2013-07-09,2013-07-10,2013-07-17,2755,2013,28,2013-07,NO,0,YES,-1,0,1,0,0,0,0,1,0,0
SECONDARY,IEF,10-Year,2013-08-07,912828VS6,10-Year,10-Year,3660,No,2013-07-31,2013-08-15,24000000000,YES,YES,,2013-07-30,2013-08-06,2013-08-07,2013-08-14,2775,2013,32,2013-08,YES,-1,YES,-1,0,1,0,0,0,0,1,0,0
SECONDARY,IEF,10-Year,2013-09-11,912828VS6,9-Year 11-Month,10-Year,3625,Yes,2013-09-05,2013-09-16,21000000000,YES,YES,,2013-09-03,2013-09-10,2013-09-11,2013-09-18,2799,2013,37,2013-09,NO,0,YES,-1,0,1,0,0,0,0,1,0,0
SECONDARY,IEF,10-Year,2013-10-09,912828VS6,9-Year 10-Month,10-Year,3597,Yes,2013-10-03,2013-10-15,21000000000,YES,YES,,2013-10-01,2013-10-08,2013-10-09,2013-10-16,2819,2013,41,2013-10,NO,0,YES,-1,0,1,0,0,0,0,1,0,0
SECONDARY,IEF,10-Year,2013-11-13,912828WE6,10-Year,10-Year,3654,No,2013-11-06,2013-11-15,24000000000,YES,YES,,2013-11-05,2013-11-12,2013-11-13,2013-11-20,2844,2013,46,2013-11,YES,-1,YES,-1,0,1,0,0,0,0,1,0,0
SECONDARY,IEF,10-Year,2013-12-11,912828WE6,9-Year 11-Month,10-Year,3626,Yes,2013-12-05,2013-12-16,21000000000,YES,YES,,2013-12-03,2013-12-10,2013-12-11,2013-12-18,2863,2013,50,2013-12,NO,0,YES,-1,1,1,1,0,0,0,1,0,0
SECONDARY,IEF,10-Year,2014-01-08,912828WE6,9-Year 10-Month,10-Year,3598,Yes,2014-01-02,2014-01-15,21000000000,YES,YES,,2013-12-30,2014-01-07,2014-01-08,2014-01-15,2881,2014,2,2014-01,NO,0,YES,-1,0,1,0,0,0,0,1,0,0
SECONDARY,IEF,10-Year,2014-02-12,912828B66,10-Year,10-Year,3655,No,2014-02-05,2014-02-18,24000000000,YES,YES,,2014-02-04,2014-02-11,2014-02-12,2014-02-20,2905,2014,7,2014-02,YES,-1,YES,-1,0,1,0,0,0,0,1,1,0
SECONDARY,IEF,10-Year,2014-03-12,912828B66,9-Year 11-Month,10-Year,3627,Yes,2014-03-06,2014-03-17,21000000000,YES,YES,,2014-03-04,2014-03-11,2014-03-12,2014-03-19,2924,2014,11,2014-03,NO,0,YES,-1,0,1,0,0,0,0,1,0,0
SECONDARY,IEF,10-Year,2014-04-09,912828B66,9-Year 10-Month,10-Year,3599,Yes,2014-04-03,2014-04-15,21000000000,YES,YES,,2014-04-01,2014-04-08,2014-04-09,2014-04-16,2944,2014,15,2014-04,NO,0,YES,-1,0,1,0,0,0,0,1,0,0
SECONDARY,IEF,10-Year,2014-05-07,912828WJ5,10-Year,10-Year,3661,No,2014-04-30,2014-05-15,24000000000,YES,YES,,2014-04-29,2014-05-06,2014-05-07,2014-05-14,2963,2014,19,2014-05,YES,-1,YES,-1,0,1,0,0,0,0,1,0,0
SECONDARY,IEF,10-Year,2014-06-11,912828WJ5,9-Year 11-Month,10-Year,3626,Yes,2014-06-05,2014-06-16,21000000000,YES,YES,,2014-06-03,2014-06-10,2014-06-11,2014-06-18,2987,2014,24,2014-06,NO,0,YES,-1,0,1,0,0,0,0,1,0,0
SECONDARY,IEF,10-Year,2014-07-09,912828WJ5,9-Year 10-Month,10-Year,3598,Yes,2014-07-03,2014-07-15,21000000000,YES,YES,,2014-06-30,2014-07-08,2014-07-09,2014-07-16,3006,2014,28,2014-07,NO,0,YES,-1,0,1,0,0,0,0,1,0,0
SECONDARY,IEF,10-Year,2014-08-13,912828D56,10-Year,10-Year,3655,No,2014-08-06,2014-08-15,24000000000,YES,YES,,2014-08-05,2014-08-12,2014-08-13,2014-08-20,3031,2014,33,2014-08,YES,-1,YES,-1,0,1,0,0,0,0,1,0,0
SECONDARY,IEF,10-Year,2014-09-10,912828D56,9-Year 11-Month,10-Year,3627,Yes,2014-09-04,2014-09-15,21000000000,YES,YES,,2014-09-02,2014-09-09,2014-09-10,2014-09-17,3050,2014,37,2014-09,NO,0,YES,-1,0,1,0,0,0,0,1,0,0
SECONDARY,IEF,10-Year,2014-10-08,912828D56,9-Year 10-Month,10-Year,3599,Yes,2014-10-02,2014-10-15,21000000000,YES,YES,,2014-09-30,2014-10-07,2014-10-08,2014-10-15,3070,2014,41,2014-10,NO,0,YES,-1,0,1,0,0,0,0,1,0,0
SECONDARY,IEF,10-Year,2014-11-12,912828G38,10-Year,10-Year,3656,No,2014-11-05,2014-11-17,24000000000,YES,YES,,2014-11-04,2014-11-11,2014-11-12,2014-11-19,3095,2014,46,2014-11,YES,-1,YES,-1,0,1,0,0,0,0,1,0,0
SECONDARY,IEF,10-Year,2014-12-10,912828G38,9-Year 11-Month,10-Year,3628,Yes,2014-12-04,2014-12-15,21000000000,YES,YES,,2014-12-02,2014-12-09,2014-12-10,2014-12-17,3114,2014,50,2014-12,NO,0,YES,-1,0,1,0,0,0,0,1,0,0
SECONDARY,IEF,10-Year,2015-01-13,912828G38,9-Year 10-Month,10-Year,3594,Yes,2015-01-08,2015-01-15,21000000000,YES,YES,,2015-01-05,2015-01-12,2015-01-13,2015-01-21,3136,2015,3,2015-01,NO,0,YES,-1,0,1,0,0,0,0,1,0,0
SECONDARY,IEF,10-Year,2015-02-11,912828J27,10-Year,10-Year,3657,No,2015-02-04,2015-02-17,24000000000,YES,YES,,2015-02-03,2015-02-10,2015-02-11,2015-02-19,3156,2015,7,2015-02,YES,-1,YES,-1,0,1,0,0,0,0,1,1,0
SECONDARY,IEF,10-Year,2015-03-11,912828J27,9-Year 11-Month,10-Year,3629,Yes,2015-03-05,2015-03-16,21000000000,YES,YES,,2015-03-03,2015-03-10,2015-03-11,2015-03-18,3175,2015,11,2015-03,NO,0,YES,-1,0,1,0,0,0,0,1,0,0
SECONDARY,IEF,10-Year,2015-04-08,912828J27,9-Year 10-Month,10-Year,3601,Yes,2015-04-02,2015-04-15,21000000000,YES,YES,,2015-03-30,2015-04-07,2015-04-08,2015-04-15,3194,2015,15,2015-04,NO,0,YES,-1,0,1,0,0,0,0,1,0,0
SECONDARY,IEF,10-Year,2015-05-13,912828XB1,10-Year,10-Year,3655,No,2015-05-06,2015-05-15,24000000000,YES,YES,,2015-05-05,2015-05-12,2015-05-13,2015-05-20,3219,2015,20,2015-05,YES,-1,YES,-1,0,1,0,0,0,0,1,0,0
SECONDARY,IEF,10-Year,2015-06-10,912828XB1,9-Year 11-Month,10-Year,3627,Yes,2015-06-04,2015-06-15,21000000000,YES,YES,,2015-06-02,2015-06-09,2015-06-10,2015-06-17,3238,2015,24,2015-06,NO,0,YES,-1,0,1,0,0,0,0,1,0,0
SECONDARY,IEF,10-Year,2015-07-08,912828XB1,9-Year 10-Month,10-Year,3599,Yes,2015-07-02,2015-07-15,21000000000,YES,YES,,2015-06-29,2015-07-07,2015-07-08,2015-07-15,3257,2015,28,2015-07,NO,0,YES,-1,0,1,0,0,0,0,1,0,0
SECONDARY,IEF,10-Year,2015-08-12,912828K74,10-Year,10-Year,3656,No,2015-08-05,2015-08-17,24000000000,YES,YES,,2015-08-04,2015-08-11,2015-08-12,2015-08-19,3282,2015,33,2015-08,YES,-1,YES,-1,0,1,0,0,0,0,1,0,0
SECONDARY,IEF,10-Year,2015-09-09,912828K74,9-Year 11-Month,10-Year,3628,Yes,2015-09-03,2015-09-15,21000000000,YES,YES,,2015-08-31,2015-09-08,2015-09-09,2015-09-16,3301,2015,37,2015-09,NO,0,YES,-1,0,1,0,0,0,0,1,0,0
SECONDARY,IEF,10-Year,2015-10-07,912828K74,9-Year 10-Month,10-Year,3600,Yes,2015-10-01,2015-10-15,21000000000,YES,YES,,2015-09-29,2015-10-06,2015-10-07,2015-10-14,3321,2015,41,2015-10,NO,0,YES,-1,0,1,0,0,0,0,1,0,0
SECONDARY,IEF,10-Year,2015-11-10,912828M56,10-Year,10-Year,3658,No,2015-11-04,2015-11-16,24000000000,YES,YES,,2015-11-02,2015-11-09,2015-11-10,2015-11-17,3345,2015,46,2015-11,YES,-1,YES,-1,0,1,1,0,0,0,1,0,0
SECONDARY,IEF,10-Year,2015-12-09,912828M56,9-Year 11-Month,10-Year,3629,Yes,2015-12-03,2015-12-15,21000000000,YES,YES,,2015-12-01,2015-12-08,2015-12-09,2015-12-16,3365,2015,50,2015-12,NO,0,YES,-1,0,1,0,0,0,0,1,0,0
SECONDARY,IEF,10-Year,2016-01-13,912828M56,9-Year 10-Month,10-Year,3594,Yes,2016-01-07,2016-01-15,21000000000,YES,YES,,2016-01-05,2016-01-12,2016-01-13,2016-01-21,3388,2016,2,2016-01,NO,0,YES,-1,0,1,0,0,0,0,1,1,0
SECONDARY,IEF,10-Year,2016-02-10,912828P46,10-Year,10-Year,3658,No,2016-02-03,2016-02-16,23000000000,YES,YES,,2016-02-02,2016-02-09,2016-02-10,2016-02-18,3407,2016,6,2016-02,YES,-1,YES,-1,0,1,0,0,0,0,1,1,0
SECONDARY,IEF,10-Year,2016-03-09,912828P46,9-Year 11-Month,10-Year,3630,Yes,2016-03-03,2016-03-15,20000000000,YES,YES,,2016-03-01,2016-03-08,2016-03-09,2016-03-16,3426,2016,10,2016-03,NO,0,YES,-1,0,1,0,0,0,0,1,0,0
SECONDARY,IEF,10-Year,2016-04-13,912828P46,9-Year 10-Month,10-Year,3595,Yes,2016-04-07,2016-04-15,20000000000,YES,YES,,2016-04-05,2016-04-12,2016-04-13,2016-04-20,3450,2016,15,2016-04,NO,0,YES,-1,0,1,0,0,0,0,1,0,0
SECONDARY,IEF,10-Year,2016-05-11,912828R36,10-Year,10-Year,3656,No,2016-05-04,2016-05-16,23000000000,YES,YES,,2016-05-03,2016-05-10,2016-05-11,2016-05-18,3470,2016,19,2016-05,YES,-1,YES,-1,0,1,0,0,0,0,1,0,0
SECONDARY,IEF,10-Year,2016-06-08,912828R36,9-Year 11-Month,10-Year,3628,Yes,2016-06-02,2016-06-15,20000000000,YES,YES,,2016-05-31,2016-06-07,2016-06-08,2016-06-15,3489,2016,23,2016-06,NO,0,YES,-1,0,1,0,0,0,0,1,0,0
SECONDARY,IEF,10-Year,2016-07-12,912828R36,9-Year 10-Month,10-Year,3594,Yes,2016-07-07,2016-07-15,20000000000,YES,YES,,2016-07-01,2016-07-11,2016-07-12,2016-07-19,3512,2016,28,2016-07,NO,0,YES,-1,0,1,0,0,0,0,1,0,0
SECONDARY,IEF,10-Year,2016-08-10,9128282A7,10-Year,10-Year,3657,No,2016-08-03,2016-08-15,23000000000,YES,YES,,2016-08-02,2016-08-09,2016-08-10,2016-08-17,3533,2016,32,2016-08,YES,-1,YES,-1,0,1,0,0,0,0,1,0,0
SECONDARY,IEF,10-Year,2016-09-12,9128282A7,9-Year 11-Month,10-Year,3624,Yes,2016-09-08,2016-09-15,20000000000,YES,YES,,2016-09-01,2016-09-09,2016-09-12,2016-09-19,3555,2016,37,2016-09,NO,0,YES,-1,0,0,0,0,0,0,1,0,0
SECONDARY,IEF,10-Year,2016-10-12,9128282A7,9-Year 10-Month,10-Year,3594,Yes,2016-10-06,2016-10-17,20000000000,YES,YES,,2016-10-04,2016-10-11,2016-10-12,2016-10-19,3577,2016,41,2016-10,NO,0,YES,-1,0,0,0,0,0,0,1,0,0
SECONDARY,IEF,10-Year,2016-11-09,912828U24,10-Year,10-Year,3658,No,2016-11-02,2016-11-15,23000000000,YES,YES,,2016-11-01,2016-11-08,2016-11-09,2016-11-16,3597,2016,45,2016-11,YES,-1,YES,-1,0,1,0,0,0,0,1,0,0
SECONDARY,IEF,10-Year,2016-12-12,912828U24,9-Year 11-Month,10-Year,3625,Yes,2016-12-08,2016-12-15,20000000000,YES,YES,,2016-12-02,2016-12-09,2016-12-12,2016-12-19,3619,2016,50,2016-12,NO,0,YES,-1,0,0,0,0,0,0,1,0,0
SECONDARY,IEF,10-Year,2017-01-11,912828U24,9-Year 10-Month,10-Year,3595,Yes,2017-01-05,2017-01-17,20000000000,YES,YES,,2017-01-03,2017-01-10,2017-01-11,2017-01-19,3639,2017,2,2017-01,NO,0,YES,-1,0,1,0,0,0,0,1,1,0
SECONDARY,IEF,10-Year,2017-02-08,912828V98,10-Year,10-Year,3659,No,2017-02-01,2017-02-15,23000000000,YES,YES,,2017-01-31,2017-02-07,2017-02-08,2017-02-15,3658,2017,6,2017-02,YES,-1,YES,-1,0,1,0,0,0,0,1,0,0
SECONDARY,IEF,10-Year,2017-03-08,912828V98,9-Year 11-Month,10-Year,3631,Yes,2017-03-02,2017-03-15,20000000000,YES,YES,,2017-02-28,2017-03-07,2017-03-08,2017-03-15,3677,2017,10,2017-03,NO,0,YES,-1,0,1,0,0,0,0,1,0,0
SECONDARY,IEF,10-Year,2017-04-11,912828V98,9-Year 10-Month,10-Year,3597,Yes,2017-04-06,2017-04-17,20000000000,YES,YES,,2017-04-03,2017-04-10,2017-04-11,2017-04-19,3701,2017,15,2017-04,NO,0,YES,-1,0,1,0,0,0,0,1,0,0
SECONDARY,IEF,10-Year,2017-05-10,912828X88,10-Year,10-Year,3657,No,2017-05-03,2017-05-15,23000000000,YES,YES,,2017-05-02,2017-05-09,2017-05-10,2017-05-17,3721,2017,19,2017-05,YES,-1,YES,-1,0,1,0,0,0,0,1,0,0
SECONDARY,IEF,10-Year,2017-06-12,912828X88,9-Year 11-Month,10-Year,3624,Yes,2017-06-08,2017-06-15,20000000000,YES,YES,,2017-06-02,2017-06-09,2017-06-12,2017-06-19,3743,2017,24,2017-06,NO,0,YES,-1,0,0,0,0,0,0,1,0,0
SECONDARY,IEF,10-Year,2017-07-12,912828X88,9-Year 10-Month,10-Year,3594,Yes,2017-07-06,2017-07-17,20000000000,YES,YES,,2017-07-03,2017-07-11,2017-07-12,2017-07-19,3764,2017,28,2017-07,NO,0,YES,-1,0,1,0,0,0,0,1,0,0
SECONDARY,IEF,10-Year,2017-08-09,9128282R0,10-Year,10-Year,3658,No,2017-08-02,2017-08-15,23000000000,YES,YES,,2017-08-01,2017-08-08,2017-08-09,2017-08-16,3784,2017,32,2017-08,YES,-1,YES,-1,0,1,0,0,0,0,1,0,0
SECONDARY,IEF,10-Year,2017-09-12,9128282R0,9-Year 11-Month,10-Year,3624,Yes,2017-09-07,2017-09-15,20000000000,YES,YES,,2017-09-01,2017-09-11,2017-09-12,2017-09-19,3807,2017,37,2017-09,NO,0,YES,-1,0,1,0,0,0,0,1,0,0
SECONDARY,IEF,10-Year,2017-10-11,9128282R0,9-Year 10-Month,10-Year,3595,Yes,2017-10-05,2017-10-16,20000000000,YES,YES,,2017-10-03,2017-10-10,2017-10-11,2017-10-18,3828,2017,41,2017-10,NO,0,YES,-1,0,0,0,0,0,0,1,0,0
SECONDARY,IEF,10-Year,2017-11-08,9128283F5,10-Year,10-Year,3659,No,2017-11-01,2017-11-15,23000000000,YES,YES,,2017-10-31,2017-11-07,2017-11-08,2017-11-15,3848,2017,45,2017-11,YES,-1,YES,-1,0,1,0,0,0,0,1,0,0
SECONDARY,IEF,10-Year,2017-12-11,9128283F5,9-Year 11-Month,10-Year,3626,Yes,2017-12-07,2017-12-15,20000000000,YES,YES,,2017-12-01,2017-12-08,2017-12-11,2017-12-18,3870,2017,50,2017-12,NO,0,YES,-1,0,0,0,0,0,0,1,0,0
SECONDARY,IEF,10-Year,2018-01-10,9128283F5,9-Year 10-Month,10-Year,3596,Yes,2018-01-04,2018-01-16,20000000000,YES,YES,,2018-01-02,2018-01-09,2018-01-10,2018-01-18,3890,2018,2,2018-01,NO,0,YES,-1,0,1,0,0,0,0,1,1,0
SECONDARY,IEF,10-Year,2018-02-07,9128283W8,10-Year,10-Year,3660,No,2018-01-31,2018-02-15,24000000000,YES,YES,,2018-01-30,2018-02-06,2018-02-07,2018-02-14,3909,2018,6,2018-02,YES,-1,YES,-1,0,1,0,0,0,0,1,0,0
SECONDARY,IEF,10-Year,2018-03-12,9128283W8,9-Year 11-Month,10-Year,3627,Yes,2018-03-08,2018-03-15,21000000000,YES,YES,,2018-03-02,2018-03-09,2018-03-12,2018-03-19,3931,2018,11,2018-03,NO,0,YES,-1,0,0,0,0,0,0,1,0,0
SECONDARY,IEF,10-Year,2018-04-11,9128283W8,9-Year 10-Month,10-Year,3597,Yes,2018-04-05,2018-04-16,21000000000,YES,YES,,2018-04-03,2018-04-10,2018-04-11,2018-04-18,3952,2018,15,2018-04,NO,0,YES,-1,0,1,0,0,0,0,1,0,0
SECONDARY,IEF,10-Year,2018-05-09,9128284N7,10-Year,10-Year,3659,No,2018-05-02,2018-05-15,25000000000,YES,YES,,2018-05-01,2018-05-08,2018-05-09,2018-05-16,3972,2018,19,2018-05,YES,-1,YES,-1,0,1,0,0,0,0,1,0,0
SECONDARY,IEF,10-Year,2018-06-11,9128284N7,9-Year 11-Month,10-Year,3626,Yes,2018-06-07,2018-06-15,22000000000,YES,YES,,2018-06-01,2018-06-08,2018-06-11,2018-06-18,3994,2018,24,2018-06,NO,0,YES,-1,0,0,0,0,0,0,1,0,0
SECONDARY,IEF,10-Year,2018-07-11,9128284N7,9-Year 10-Month,10-Year,3596,Yes,2018-07-05,2018-07-16,22000000000,YES,YES,,2018-07-02,2018-07-10,2018-07-11,2018-07-18,4015,2018,28,2018-07,NO,0,YES,-1,0,1,0,0,0,0,1,0,0
SECONDARY,IEF,10-Year,2018-08-08,9128284V9,10-Year,10-Year,3660,No,2018-08-01,2018-08-15,26000000000,YES,YES,,2018-07-31,2018-08-07,2018-08-08,2018-08-15,4035,2018,32,2018-08,YES,-1,YES,-1,0,1,0,0,0,0,1,0,0
SECONDARY,IEF,10-Year,2018-09-12,9128284V9,9-Year 11-Month,10-Year,3625,Yes,2018-09-06,2018-09-17,23000000000,YES,YES,,2018-09-04,2018-09-11,2018-09-12,2018-09-19,4059,2018,37,2018-09,NO,0,YES,-1,0,1,0,0,0,0,1,0,0
SECONDARY,IEF,10-Year,2018-10-10,9128284V9,9-Year 10-Month,10-Year,3597,Yes,2018-10-04,2018-10-15,23000000000,YES,YES,,2018-10-02,2018-10-09,2018-10-10,2018-10-17,4079,2018,41,2018-10,NO,0,YES,-1,0,0,0,0,0,0,1,0,0
SECONDARY,IEF,10-Year,2018-11-06,9128285M8,10-Year,10-Year,3662,No,2018-10-31,2018-11-15,27000000000,YES,YES,,2018-10-29,2018-11-05,2018-11-06,2018-11-13,4098,2018,45,2018-11,YES,-1,YES,-1,0,1,0,0,0,0,1,0,0
SECONDARY,IEF,10-Year,2018-12-12,9128285M8,9-Year 11-Month,10-Year,3626,Yes,2018-12-06,2018-12-17,24000000000,YES,YES,,2018-12-03,2018-12-11,2018-12-12,2018-12-19,4122,2018,50,2018-12,NO,0,YES,-1,0,1,0,0,0,0,1,0,0
SECONDARY,IEF,10-Year,2019-01-09,9128285M8,9-Year 10-Month,10-Year,3598,Yes,2019-01-03,2019-01-15,24000000000,YES,YES,,2018-12-31,2019-01-08,2019-01-09,2019-01-16,4140,2019,2,2019-01,NO,0,YES,-1,0,1,0,0,0,0,1,0,0
SECONDARY,IEF,10-Year,2019-02-06,9128286B1,10-Year,10-Year,3662,No,2019-01-30,2019-02-15,27000000000,YES,YES,,2019-01-29,2019-02-05,2019-02-06,2019-02-13,4159,2019,6,2019-02,YES,-1,YES,-1,0,1,0,0,0,0,1,0,0
SECONDARY,IEF,10-Year,2019-03-12,9128286B1,9-Year 11-Month,10-Year,3628,Yes,2019-03-07,2019-03-15,24000000000,YES,YES,,2019-03-04,2019-03-11,2019-03-12,2019-03-19,4182,2019,11,2019-03,NO,0,YES,-1,0,1,0,0,0,0,1,0,0
SECONDARY,IEF,10-Year,2019-04-10,9128286B1,9-Year 10-Month,10-Year,3599,Yes,2019-04-04,2019-04-15,24000000000,YES,YES,,2019-04-02,2019-04-09,2019-04-10,2019-04-17,4203,2019,15,2019-04,NO,0,YES,-1,0,1,0,0,0,0,1,0,0
SECONDARY,IEF,10-Year,2019-05-08,9128286T2,10-Year,10-Year,3660,No,2019-05-01,2019-05-15,27000000000,YES,YES,,2019-04-30,2019-05-07,2019-05-08,2019-05-15,4222,2019,19,2019-05,YES,-1,YES,-1,0,1,0,0,0,0,1,0,0
SECONDARY,IEF,10-Year,2019-06-12,9128286T2,9-Year 11-Month,10-Year,3625,Yes,2019-06-06,2019-06-17,24000000000,YES,YES,,2019-06-04,2019-06-11,2019-06-12,2019-06-19,4246,2019,24,2019-06,NO,0,YES,-1,0,1,0,0,0,0,1,0,0
SECONDARY,IEF,10-Year,2019-06-21,9128286T2,9-Year 11-Month,10-Year,3616,Yes,2019-06-21,2019-06-26,25000000,YES,YES,,2019-06-13,2019-06-20,2019-06-21,2019-06-28,4253,2019,25,2019-06,NO,0,NO,0,1,0,1,1,0,0,0,1,1
SECONDARY,IEF,10-Year,2019-07-10,9128286T2,9-Year 10-Month,10-Year,3597,Yes,2019-07-03,2019-07-15,24000000000,YES,YES,,2019-07-01,2019-07-09,2019-07-10,2019-07-17,4265,2019,28,2019-07,NO,0,YES,-1,0,1,0,0,0,0,1,0,0
SECONDARY,IEF,10-Year,2019-08-07,912828YB0,10-Year,10-Year,3661,No,2019-07-31,2019-08-15,27000000000,YES,YES,,2019-07-30,2019-08-06,2019-08-07,2019-08-14,4285,2019,32,2019-08,YES,-1,YES,-1,0,1,0,0,0,0,1,0,0
SECONDARY,IEF,10-Year,2019-09-11,912828YB0,9-Year 11-Month,10-Year,3626,Yes,2019-09-05,2019-09-16,24000000000,YES,YES,,2019-09-03,2019-09-10,2019-09-11,2019-09-18,4309,2019,37,2019-09,NO,0,YES,-1,0,1,0,0,0,0,1,0,0
SECONDARY,IEF,10-Year,2019-10-09,912828YB0,9-Year 10-Month,10-Year,3598,Yes,2019-10-03,2019-10-15,24000000000,YES,YES,,2019-10-01,2019-10-08,2019-10-09,2019-10-16,4329,2019,41,2019-10,NO,0,YES,-1,0,1,0,0,0,0,1,0,0
SECONDARY,IEF,10-Year,2019-11-06,912828YS3,10-Year,10-Year,3662,No,2019-10-30,2019-11-15,27000000000,YES,YES,,2019-10-29,2019-11-05,2019-11-06,2019-11-13,4349,2019,45,2019-11,YES,-1,YES,-1,0,0,0,0,1,0,1,0,0
SECONDARY,IEF,10-Year,2019-12-10,912828YS3,9-Year 11-Month,10-Year,3628,Yes,2019-12-05,2019-12-16,24000000000,YES,YES,,2019-12-02,2019-12-09,2019-12-10,2019-12-17,4372,2019,50,2019-12,NO,0,YES,-1,0,1,0,0,0,0,1,0,1
SECONDARY,IEF,10-Year,2020-01-08,912828YS3,9-Year 10-Month,10-Year,3599,Yes,2020-01-02,2020-01-15,24000000000,YES,YES,,2019-12-30,2020-01-07,2020-01-08,2020-01-15,4391,2020,2,2020-01,NO,0,YES,-1,0,1,0,0,0,0,1,0,0
SECONDARY,IEF,10-Year,2020-02-12,912828Z94,10-Year,10-Year,3656,No,2020-02-05,2020-02-18,27000000000,YES,YES,,2020-02-04,2020-02-11,2020-02-12,2020-02-20,4415,2020,7,2020-02,YES,-1,YES,-1,0,1,0,0,0,0,1,1,0
SECONDARY,IEF,10-Year,2020-03-11,912828Z94,9-Year 11-Month,10-Year,3628,Yes,2020-03-05,2020-03-16,24000000000,YES,YES,,2020-03-03,2020-03-10,2020-03-11,2020-03-18,4434,2020,11,2020-03,NO,0,YES,-1,0,1,0,0,0,0,1,0,0
SECONDARY,IEF,10-Year,2020-04-07,912828Z94,9-Year 10-Month,10-Year,3601,Yes,2020-04-02,2020-04-15,25000000000,YES,YES,,2020-03-30,2020-04-06,2020-04-07,2020-04-15,4453,2020,15,2020-04,NO,0,YES,-1,0,1,0,0,0,0,1,0,0
SECONDARY,IEF,10-Year,2020-05-12,912828ZQ6,10-Year,10-Year,3655,No,2020-05-06,2020-05-15,32000000000,YES,YES,,2020-05-04,2020-05-11,2020-05-12,2020-05-19,4477,2020,20,2020-05,YES,-1,YES,-1,0,1,0,0,0,0,1,0,0
SECONDARY,IEF,10-Year,2020-06-09,912828ZQ6,9-Year 11-Month,10-Year,3627,Yes,2020-06-04,2020-06-15,29000000000,YES,YES,,2020-06-01,2020-06-08,2020-06-09,2020-06-16,4496,2020,24,2020-06,NO,0,YES,-1,0,1,0,0,0,0,1,0,0
SECONDARY,IEF,10-Year,2020-07-08,912828ZQ6,9-Year 10-Month,10-Year,3598,Yes,2020-07-02,2020-07-15,29000000000,YES,YES,,2020-06-29,2020-07-07,2020-07-08,2020-07-15,4516,2020,28,2020-07,NO,0,YES,-1,0,1,0,0,0,0,1,1,0
SECONDARY,IEF,10-Year,2020-08-12,91282CAE1,10-Year,10-Year,3655,No,2020-08-05,2020-08-17,38000000000,YES,YES,,2020-08-04,2020-08-11,2020-08-12,2020-08-19,4541,2020,33,2020-08,YES,-1,YES,-1,0,1,0,0,0,1,1,0,0
SECONDARY,IEF,10-Year,2020-09-09,91282CAE1,9-Year 11-Month,10-Year,3627,Yes,2020-09-03,2020-09-15,35000000000,YES,YES,,2020-08-31,2020-09-08,2020-09-09,2020-09-16,4560,2020,37,2020-09,NO,0,YES,-1,0,1,0,0,0,1,1,0,0
SECONDARY,IEF,10-Year,2020-10-07,91282CAE1,9-Year 10-Month,10-Year,3599,Yes,2020-10-01,2020-10-15,35000000000,YES,YES,,2020-09-29,2020-10-06,2020-10-07,2020-10-14,4580,2020,41,2020-10,NO,0,YES,-1,0,1,0,0,0,0,1,0,0
SECONDARY,IEF,10-Year,2020-11-10,91282CAV3,10-Year,10-Year,3657,No,2020-11-04,2020-11-16,41000000000,YES,YES,,2020-11-02,2020-11-09,2020-11-10,2020-11-17,4604,2020,46,2020-11,YES,-1,YES,-1,0,1,0,0,0,0,1,0,0
SECONDARY,IEF,10-Year,2020-12-09,91282CAV3,9-Year 11-Month,10-Year,3628,Yes,2020-12-03,2020-12-15,38000000000,YES,YES,,2020-12-01,2020-12-08,2020-12-09,2020-12-16,4624,2020,50,2020-12,NO,0,YES,-1,0,1,0,0,0,0,1,0,0
SECONDARY,IEF,10-Year,2021-01-12,91282CAV3,9-Year 10-Month,10-Year,3594,Yes,2021-01-07,2021-01-15,38000000000,YES,YES,,2021-01-04,2021-01-11,2021-01-12,2021-01-20,4646,2021,2,2021-01,NO,0,YES,-1,0,1,0,0,0,1,1,0,0
SECONDARY,IEF,10-Year,2021-02-10,91282CBL4,10-Year,10-Year,3657,No,2021-02-03,2021-02-16,41000000000,YES,YES,,2021-02-02,2021-02-09,2021-02-10,2021-02-18,4666,2021,6,2021-02,YES,-1,YES,-1,0,1,0,0,0,1,1,1,0
SECONDARY,IEF,10-Year,2021-03-10,91282CBL4,9-Year 11-Month,10-Year,3629,Yes,2021-03-04,2021-03-15,38000000000,YES,YES,,2021-03-02,2021-03-09,2021-03-10,2021-03-17,4685,2021,10,2021-03,NO,0,YES,-1,0,1,0,0,0,1,1,0,0
SECONDARY,IEF,10-Year,2021-04-12,91282CBL4,9-Year 10-Month,10-Year,3596,Yes,2021-04-08,2021-04-15,38000000000,YES,YES,,2021-04-01,2021-04-09,2021-04-12,2021-04-19,4707,2021,15,2021-04,NO,0,YES,-1,0,0,0,0,0,0,1,0,0
SECONDARY,IEF,10-Year,2021-05-12,91282CCB5,10-Year,10-Year,3655,No,2021-05-05,2021-05-17,41000000000,YES,YES,,2021-05-04,2021-05-11,2021-05-12,2021-05-19,4729,2021,19,2021-05,YES,-1,YES,-1,0,1,0,0,0,1,1,0,0
SECONDARY,IEF,10-Year,2021-06-09,91282CCB5,9-Year 11-Month,10-Year,3627,Yes,2021-06-03,2021-06-15,38000000000,YES,YES,,2021-06-01,2021-06-08,2021-06-09,2021-06-16,4748,2021,23,2021-06,NO,0,YES,-1,0,1,0,0,0,1,1,0,0
SECONDARY,IEF,10-Year,2021-07-12,91282CCB5,9-Year 10-Month,10-Year,3594,Yes,2021-07-08,2021-07-15,38000000000,YES,YES,,2021-07-01,2021-07-09,2021-07-12,2021-07-19,4770,2021,28,2021-07,NO,0,YES,-1,0,0,0,0,0,0,1,0,0
SECONDARY,IEF,10-Year,2021-08-11,91282CCS8,10-Year,10-Year,3656,No,2021-08-04,2021-08-16,41000000000,YES,YES,,2021-08-03,2021-08-10,2021-08-11,2021-08-18,4792,2021,32,2021-08,YES,-1,YES,-1,0,1,0,0,0,1,1,0,0
SECONDARY,IEF,10-Year,2021-09-08,91282CCS8,9-Year 11-Month,10-Year,3628,Yes,2021-09-02,2021-09-15,38000000000,YES,YES,,2021-08-30,2021-09-07,2021-09-08,2021-09-15,4811,2021,36,2021-09,NO,0,YES,-1,0,1,0,0,0,0,1,0,0
SECONDARY,IEF,10-Year,2021-10-12,91282CCS8,9-Year 10-Month,10-Year,3594,Yes,2021-10-07,2021-10-15,38000000000,YES,YES,,2021-10-04,2021-10-11,2021-10-12,2021-10-19,4835,2021,41,2021-10,NO,0,YES,-1,0,0,0,0,0,0,1,0,0
SECONDARY,IEF,10-Year,2021-11-09,91282CDJ7,10-Year,10-Year,3658,No,2021-11-03,2021-11-15,39000000000,YES,YES,,2021-11-01,2021-11-08,2021-11-09,2021-11-16,4855,2021,45,2021-11,YES,-1,YES,-1,0,1,0,0,0,0,1,0,0
SECONDARY,IEF,10-Year,2021-12-08,91282CDJ7,9-Year 11-Month,10-Year,3629,Yes,2021-12-02,2021-12-15,36000000000,YES,YES,,2021-11-30,2021-12-07,2021-12-08,2021-12-15,4875,2021,49,2021-12,NO,0,YES,-1,0,1,0,0,0,1,1,0,0
SECONDARY,IEF,10-Year,2022-01-12,91282CDJ7,9-Year 10-Month,10-Year,3594,Yes,2022-01-06,2022-01-18,36000000000,YES,YES,,2022-01-04,2022-01-11,2022-01-12,2022-01-20,4899,2022,2,2022-01,NO,0,YES,-1,0,1,0,0,0,1,1,1,0
SECONDARY,IEF,10-Year,2022-02-09,91282CDY4,10-Year,10-Year,3658,No,2022-02-02,2022-02-15,37000000000,YES,YES,,2022-02-01,2022-02-08,2022-02-09,2022-02-16,4918,2022,6,2022-02,YES,-1,YES,-1,0,1,0,0,0,1,1,0,0
SECONDARY,IEF,10-Year,2022-03-09,91282CDY4,9-Year 11-Month,10-Year,3630,Yes,2022-03-03,2022-03-15,34000000000,YES,YES,,2022-03-01,2022-03-08,2022-03-09,2022-03-16,4937,2022,10,2022-03,NO,0,YES,-1,0,1,0,0,0,0,1,0,0
SECONDARY,IEF,10-Year,2022-04-12,91282CDY4,9-Year 10-Month,10-Year,3596,Yes,2022-04-07,2022-04-18,34000000000,YES,YES,,2022-04-04,2022-04-11,2022-04-12,2022-04-20,4961,2022,15,2022-04,NO,0,YES,-1,0,1,0,0,0,1,1,0,0
SECONDARY,IEF,10-Year,2022-05-11,91282CEP2,10-Year,10-Year,3657,No,2022-05-04,2022-05-16,36000000000,YES,YES,,2022-05-03,2022-05-10,2022-05-11,2022-05-18,4981,2022,19,2022-05,YES,-1,YES,-1,0,1,0,0,0,1,1,0,0
SECONDARY,IEF,10-Year,2022-06-08,91282CEP2,9-Year 11-Month,10-Year,3629,Yes,2022-06-02,2022-06-15,33000000000,YES,YES,,2022-05-31,2022-06-07,2022-06-08,2022-06-15,5000,2022,23,2022-06,NO,0,YES,-1,0,1,0,0,0,0,1,0,0
SECONDARY,IEF,10-Year,2022-07-12,91282CEP2,9-Year 10-Month,10-Year,3595,Yes,2022-07-07,2022-07-15,33000000000,YES,YES,,2022-07-01,2022-07-11,2022-07-12,2022-07-19,5022,2022,28,2022-07,NO,0,YES,-1,0,1,0,0,0,0,1,0,1
SECONDARY,IEF,10-Year,2022-08-10,91282CFF3,10-Year,10-Year,3658,No,2022-08-03,2022-08-15,35000000000,YES,YES,,2022-08-02,2022-08-09,2022-08-10,2022-08-17,5043,2022,32,2022-08,YES,-1,YES,-1,0,1,0,0,0,1,1,0,0
SECONDARY,IEF,10-Year,2022-09-12,91282CFF3,9-Year 11-Month,10-Year,3625,Yes,2022-09-08,2022-09-15,32000000000,YES,YES,,2022-09-01,2022-09-09,2022-09-12,2022-09-19,5065,2022,37,2022-09,NO,0,YES,-1,0,0,0,0,0,0,1,0,0
SECONDARY,IEF,10-Year,2022-10-12,91282CFF3,9-Year 10-Month,10-Year,3595,Yes,2022-10-06,2022-10-17,32000000000,YES,YES,,2022-10-04,2022-10-11,2022-10-12,2022-10-19,5087,2022,41,2022-10,NO,0,YES,-1,0,1,0,0,0,1,1,0,0
SECONDARY,IEF,10-Year,2022-11-09,91282CFV8,10-Year,10-Year,3659,No,2022-11-02,2022-11-15,35000000000,YES,YES,,2022-11-01,2022-11-08,2022-11-09,2022-11-16,5107,2022,45,2022-11,YES,-1,YES,-1,0,1,0,0,0,1,1,0,0
SECONDARY,IEF,10-Year,2022-12-12,91282CFV8,9-Year 11-Month,10-Year,3626,Yes,2022-12-08,2022-12-15,32000000000,YES,YES,,2022-12-02,2022-12-09,2022-12-12,2022-12-19,5129,2022,50,2022-12,NO,0,YES,-1,0,0,0,0,0,0,1,0,0
SECONDARY,IEF,10-Year,2023-01-11,91282CFV8,9-Year 10-Month,10-Year,3596,Yes,2023-01-05,2023-01-17,32000000000,YES,YES,,2023-01-03,2023-01-10,2023-01-11,2023-01-19,5149,2023,2,2023-01,NO,0,YES,-1,0,1,0,0,0,1,1,1,0
SECONDARY,IEF,10-Year,2023-02-08,91282CGM7,10-Year,10-Year,3660,No,2023-02-01,2023-02-15,35000000000,YES,YES,,2023-01-31,2023-02-07,2023-02-08,2023-02-15,5168,2023,6,2023-02,YES,-1,YES,-1,0,1,0,0,0,1,1,0,0
SECONDARY,IEF,10-Year,2023-03-08,91282CGM7,9-Year 11-Month,10-Year,3632,Yes,2023-03-02,2023-03-15,32000000000,YES,YES,,2023-02-28,2023-03-07,2023-03-08,2023-03-15,5187,2023,10,2023-03,NO,0,YES,-1,0,1,0,0,0,0,1,0,0
SECONDARY,IEF,10-Year,2023-04-12,91282CGM7,9-Year 10-Month,10-Year,3597,Yes,2023-04-06,2023-04-17,32000000000,YES,YES,,2023-04-03,2023-04-11,2023-04-12,2023-04-19,5211,2023,15,2023-04,NO,0,YES,-1,0,1,0,0,0,1,1,0,0
SECONDARY,IEF,10-Year,2023-05-10,91282CHC8,10-Year,10-Year,3658,No,2023-05-03,2023-05-15,35000000000,YES,YES,,2023-05-02,2023-05-09,2023-05-10,2023-05-17,5231,2023,19,2023-05,YES,-1,YES,-1,0,1,0,0,0,1,1,0,0
SECONDARY,IEF,10-Year,2023-06-12,91282CHC8,9-Year 11-Month,10-Year,3625,Yes,2023-06-08,2023-06-15,32000000000,YES,YES,,2023-06-02,2023-06-09,2023-06-12,2023-06-20,5253,2023,24,2023-06,NO,0,YES,-1,0,0,0,0,0,0,1,0,0
SECONDARY,IEF,10-Year,2023-07-12,91282CHC8,9-Year 10-Month,10-Year,3595,Yes,2023-07-06,2023-07-17,32000000000,YES,YES,,2023-07-03,2023-07-11,2023-07-12,2023-07-19,5273,2023,28,2023-07,NO,0,YES,-1,0,1,0,0,0,1,1,0,0
SECONDARY,IEF,10-Year,2023-08-09,91282CHT1,10-Year,10-Year,3659,No,2023-08-02,2023-08-15,38000000000,YES,YES,,2023-08-01,2023-08-08,2023-08-09,2023-08-16,5293,2023,32,2023-08,YES,-1,YES,-1,0,1,0,0,0,0,1,0,0
SECONDARY,IEF,10-Year,2023-09-12,91282CHT1,9-Year 11-Month,10-Year,3625,Yes,2023-09-07,2023-09-15,35000000000,YES,YES,,2023-09-01,2023-09-11,2023-09-12,2023-09-19,5316,2023,37,2023-09,NO,0,YES,-1,0,1,0,0,0,1,1,0,0
SECONDARY,IEF,10-Year,2023-10-11,91282CHT1,9-Year 10-Month,10-Year,3596,Yes,2023-10-05,2023-10-16,35000000000,YES,YES,,2023-10-03,2023-10-10,2023-10-11,2023-10-18,5337,2023,41,2023-10,NO,0,YES,-1,0,1,0,0,0,1,1,0,0
SECONDARY,IEF,10-Year,2023-11-08,91282CJJ1,10-Year,10-Year,3660,No,2023-11-01,2023-11-15,40000000000,YES,YES,,2023-10-31,2023-11-07,2023-11-08,2023-11-15,5357,2023,45,2023-11,YES,-1,YES,-1,0,1,0,0,0,0,1,0,0
SECONDARY,IEF,10-Year,2023-12-11,91282CJJ1,9-Year 11-Month,10-Year,3627,Yes,2023-12-07,2023-12-15,37000000000,YES,YES,,2023-12-01,2023-12-08,2023-12-11,2023-12-18,5379,2023,50,2023-12,NO,0,YES,-1,0,0,0,0,0,0,1,0,0
SECONDARY,IEF,10-Year,2024-01-10,91282CJJ1,9-Year 10-Month,10-Year,3597,Yes,2024-01-04,2024-01-16,37000000000,YES,YES,,2024-01-02,2024-01-09,2024-01-10,2024-01-18,5399,2024,2,2024-01,NO,0,YES,-1,0,1,0,0,0,1,1,1,0
SECONDARY,IEF,10-Year,2024-02-07,91282CJZ5,10-Year,10-Year,3661,No,2024-01-31,2024-02-15,42000000000,YES,YES,,2024-01-30,2024-02-06,2024-02-07,2024-02-14,5418,2024,6,2024-02,YES,-1,YES,-1,0,1,0,0,0,0,1,0,0
SECONDARY,IEF,10-Year,2024-03-12,91282CJZ5,9-Year 11-Month,10-Year,3627,Yes,2024-03-07,2024-03-15,39000000000,YES,YES,,2024-03-04,2024-03-11,2024-03-12,2024-03-19,5441,2024,11,2024-03,NO,0,YES,-1,0,1,0,0,0,1,1,0,0
SECONDARY,IEF,10-Year,2024-04-10,91282CJZ5,9-Year 10-Month,10-Year,3598,Yes,2024-04-04,2024-04-15,39000000000,YES,YES,,2024-04-02,2024-04-09,2024-04-10,2024-04-17,5461,2024,15,2024-04,NO,0,YES,-1,0,1,0,0,0,1,1,0,0
SECONDARY,IEF,10-Year,2024-05-08,91282CKQ3,10-Year,10-Year,3659,No,2024-05-01,2024-05-15,42000000000,YES,YES,,2024-04-30,2024-05-07,2024-05-08,2024-05-15,5481,2024,19,2024-05,YES,-1,YES,-1,0,1,0,0,0,0,1,0,0
SECONDARY,IEF,10-Year,2024-06-11,91282CKQ3,9-Year 11-Month,10-Year,3625,Yes,2024-06-06,2024-06-17,39000000000,YES,YES,,2024-06-03,2024-06-10,2024-06-11,2024-06-18,5504,2024,24,2024-06,NO,0,YES,-1,0,1,0,0,0,1,1,0,0
SECONDARY,IEF,10-Year,2024-07-10,91282CKQ3,9-Year 10-Month,10-Year,3596,Yes,2024-07-03,2024-07-15,39000000000,YES,YES,,2024-07-01,2024-07-09,2024-07-10,2024-07-17,5523,2024,28,2024-07,NO,0,YES,-1,0,1,0,0,0,1,1,0,0
SECONDARY,IEF,10-Year,2024-08-07,91282CLF6,10-Year,10-Year,3660,No,2024-07-31,2024-08-15,42000000000,YES,YES,,2024-07-30,2024-08-06,2024-08-07,2024-08-14,5543,2024,32,2024-08,YES,-1,YES,-1,0,1,0,0,0,0,1,0,0
SECONDARY,IEF,10-Year,2024-09-11,91282CLF6,9-Year 11-Month,10-Year,3625,Yes,2024-09-05,2024-09-16,39000000000,YES,YES,,2024-09-03,2024-09-10,2024-09-11,2024-09-18,5567,2024,37,2024-09,NO,0,YES,-1,0,1,0,0,0,1,1,0,0
SECONDARY,IEF,10-Year,2024-10-09,91282CLF6,9-Year 10-Month,10-Year,3597,Yes,2024-10-03,2024-10-15,39000000000,YES,YES,,2024-10-01,2024-10-08,2024-10-09,2024-10-16,5587,2024,41,2024-10,NO,0,YES,-1,0,1,0,0,0,0,1,0,0
SECONDARY,IEF,10-Year,2024-11-05,91282CLW9,10-Year,10-Year,3662,No,2024-10-30,2024-11-15,42000000000,YES,YES,,2024-10-28,2024-11-04,2024-11-05,2024-11-12,5606,2024,45,2024-11,YES,-1,YES,-1,0,1,0,1,0,0,1,0,1
SECONDARY,IEF,10-Year,2024-12-11,91282CLW9,9-Year 11-Month,10-Year,3626,Yes,2024-12-05,2024-12-16,39000000000,YES,YES,,2024-12-03,2024-12-10,2024-12-11,2024-12-18,5631,2024,50,2024-12,NO,0,YES,-1,0,1,0,0,0,1,1,0,0
SECONDARY,IEF,10-Year,2025-01-07,91282CLW9,9-Year 10-Month,10-Year,3599,Yes,2025-01-02,2025-01-15,39000000000,YES,YES,,2024-12-27,2025-01-06,2025-01-07,2025-01-15,5648,2025,2,2025-01,NO,0,YES,-1,0,1,0,0,0,0,1,0,0
SECONDARY,IEF,10-Year,2025-02-12,91282CMM0,10-Year,10-Year,3655,No,2025-02-05,2025-02-18,42000000000,YES,YES,,2025-02-04,2025-02-11,2025-02-12,2025-02-20,5672,2025,7,2025-02,YES,-1,YES,-1,0,1,0,0,0,1,1,1,0
SECONDARY,IEF,10-Year,2025-03-12,91282CMM0,9-Year 11-Month,10-Year,3627,Yes,2025-03-06,2025-03-17,39000000000,YES,YES,,2025-03-04,2025-03-11,2025-03-12,2025-03-19,5691,2025,11,2025-03,NO,0,YES,-1,0,1,0,0,0,1,1,0,0
SECONDARY,IEF,10-Year,2025-04-09,91282CMM0,9-Year 10-Month,10-Year,3599,Yes,2025-04-03,2025-04-15,39000000000,YES,YES,,2025-04-01,2025-04-08,2025-04-09,2025-04-16,5711,2025,15,2025-04,NO,0,YES,-1,0,1,0,0,0,1,1,0,0
SECONDARY,IEF,10-Year,2025-05-06,91282CNC1,10-Year,10-Year,3661,No,2025-04-30,2025-05-15,42000000000,YES,YES,,2025-04-28,2025-05-05,2025-05-06,2025-05-13,5729,2025,19,2025-05,YES,-1,YES,-1,0,1,0,0,0,0,1,0,0
SECONDARY,IEF,10-Year,2025-06-11,91282CNC1,9-Year 11-Month,10-Year,3625,Yes,2025-06-05,2025-06-16,39000000000,YES,YES,,2025-06-03,2025-06-10,2025-06-11,2025-06-18,5754,2025,24,2025-06,NO,0,YES,-1,0,1,0,0,0,1,1,1,0
SECONDARY,IEF,10-Year,2025-07-09,91282CNC1,9-Year 10-Month,10-Year,3597,Yes,2025-07-03,2025-07-15,39000000000,YES,YES,,2025-06-30,2025-07-08,2025-07-09,2025-07-16,5772,2025,28,2025-07,NO,0,YES,-1,0,1,0,0,0,0,1,0,0
SECONDARY,IEF,10-Year,2025-08-06,91282CNT4,10-Year,10-Year,3661,No,2025-07-30,2025-08-15,42000000000,YES,YES,,2025-07-29,2025-08-05,2025-08-06,2025-08-13,5792,2025,32,2025-08,YES,-1,YES,-1,0,1,0,0,0,0,1,0,0
SECONDARY,IEF,10-Year,2025-09-10,91282CNT4,9-Year 11-Month,10-Year,3626,Yes,2025-09-04,2025-09-15,39000000000,YES,YES,,2025-09-02,2025-09-09,2025-09-10,2025-09-17,5816,2025,37,2025-09,NO,0,YES,-1,0,1,0,0,0,1,1,0,0
SECONDARY,IEF,10-Year,2025-10-08,91282CNT4,9-Year 10-Month,10-Year,3598,Yes,2025-10-02,2025-10-15,39000000000,YES,YES,,2025-09-30,2025-10-07,2025-10-08,2025-10-15,5836,2025,41,2025-10,NO,0,YES,-1,0,1,0,0,0,0,1,0,0
SECONDARY,IEF,10-Year,2025-11-12,91282CPJ4,10-Year,10-Year,3655,No,2025-11-05,2025-11-17,42000000000,YES,YES,,2025-11-04,2025-11-11,2025-11-12,2025-11-19,5861,2025,46,2025-11,YES,-1,YES,-1,0,1,0,0,0,1,1,0,0
SECONDARY,IEF,10-Year,2025-12-09,91282CPJ4,9-Year 11-Month,10-Year,3628,Yes,2025-12-04,2025-12-15,39000000000,YES,YES,,2025-12-01,2025-12-08,2025-12-09,2025-12-16,5879,2025,50,2025-12,NO,0,YES,-1,0,1,0,0,0,0,1,0,0
SECONDARY,IEF,10-Year,2026-01-12,91282CPJ4,9-Year 10-Month,10-Year,3594,Yes,2026-01-08,2026-01-15,39000000000,YES,YES,,2026-01-02,2026-01-09,2026-01-12,2026-01-20,5901,2026,3,2026-01,NO,0,YES,-1,0,0,0,0,0,0,1,0,0
SECONDARY,IEF,10-Year,2026-02-11,91282CPZ8,10-Year,10-Year,3656,No,2026-02-04,2026-02-17,42000000000,YES,YES,,2026-02-03,2026-02-10,2026-02-11,2026-02-19,5922,2026,7,2026-02,YES,-1,YES,-1,0,1,0,0,0,1,1,1,0
SECONDARY,IEF,10-Year,2026-03-11,91282CPZ8,9-Year 11-Month,10-Year,3628,Yes,2026-03-05,2026-03-16,39000000000,YES,YES,,2026-03-03,2026-03-10,2026-03-11,2026-03-18,5941,2026,11,2026-03,NO,0,YES,-1,0,1,0,0,0,1,1,0,0
SECONDARY,IEF,10-Year,2026-04-08,91282CPZ8,9-Year 10-Month,10-Year,3600,Yes,2026-04-02,2026-04-15,39000000000,YES,YES,,2026-03-30,2026-04-07,2026-04-08,2026-04-15,5960,2026,15,2026-04,NO,0,YES,-1,0,1,0,0,0,0,1,0,0
SECONDARY,IEF,10-Year,2026-05-12,91282CQQ7,10-Year,10-Year,3656,No,2026-05-06,2026-05-15,42000000000,YES,YES,,2026-05-04,2026-05-11,2026-05-12,2026-05-19,5984,2026,20,2026-05,YES,-1,YES,-1,0,1,0,0,0,0,1,0,0
SECONDARY,IEF,10-Year,2026-06-10,91282CQQ7,9-Year 11-Month,10-Year,3627,Yes,2026-06-04,2026-06-15,39000000000,YES,NO,WINDOW_AFTER_PANEL_END,,,,,6004,2026,24,2026-06,,,,,,,,,,,,,
